Orden|Apellido|Total
1|GARCIA|1476378
2|GONZALEZ|929938
3|RODRIGUEZ|928305
4|FERNANDEZ|922007
5|LOPEZ|874610
6|MARTINEZ|836877
7|SANCHEZ|819743
8|PEREZ|781906
9|GOMEZ|493212
10|MARTIN|491701
11|JIMENEZ|392396
12|RUIZ|368589
13|HERNANDEZ|359657
14|DIAZ|339604
15|MORENO|319898
16|ALVAREZ|282834
17|MUÑOZ|282553
18|ROMERO|220114
19|ALONSO|198882
20|GUTIERREZ|194982
21|NAVARRO|178420
22|TORRES|168578
23|DOMINGUEZ|158110
24|VAZQUEZ|148357
25|RAMOS|144447
26|GIL|140872
27|RAMIREZ|134905
28|SERRANO|132222
29|BLANCO|123644
30|MOLINA|121155
31|SUAREZ|120168
32|MORALES|119957
33|ORTEGA|117744
34|DELGADO|116795
35|CASTRO|115624
36|ORTIZ|107089
37|RUBIO|105011
38|MARIN|104459
39|SANZ|93995
40|NUÑEZ|90297
41|IGLESIAS|89707
42|MEDINA|87220
43|GARRIDO|85789
44|CORTES|83849
45|SANTOS|83713
46|CASTILLO|83534
47|LOZANO|79837
48|GUERRERO|78894
49|CANO|77438
50|PRIETO|74001
51|MENDEZ|72123
52|CALVO|70497
53|CRUZ|69993
54|GALLEGO|69804
55|VIDAL|69328
56|LEON|68696
57|MARQUEZ|68545
58|HERRERA|68506
59|PEÑA|68331
60|FLORES|67545
61|CABRERA|67544
62|CAMPOS|65772
63|VEGA|64687
64|FUENTES|63959
65|DIEZ|63609
66|CARRASCO|63166
67|CABALLERO|60656
68|NIETO|60365
69|REYES|59821
70|AGUILAR|59013
71|PASCUAL|58453
72|HERRERO|58096
73|SANTANA|57698
74|LORENZO|56659
75|HIDALGO|56395
76|MONTERO|56221
77|GIMENEZ|55708
78|IBAÑEZ|55486
79|FERRER|54921
80|DURAN|53820
81|SANTIAGO|52988
82|VICENTE|52694
83|BENITEZ|52561
84|MORA|52507
85|ARIAS|52255
86|VARGAS|51940
87|CARMONA|51638
88|CRESPO|49943
89|ROMAN|48593
90|PASTOR|48342
91|SOTO|47976
92|SAEZ|47420
93|VELASCO|47024
94|MOYA|46077
95|SOLER|45984
96|ESTEBAN|45344
97|PARRA|45242
98|BRAVO|44926
99|GALLARDO|44734
100|ROJAS|43956
101|PARDO|43773
102|MERINO|43087
103|FRANCO|42274
104|ESPINOSA|41560
105|LARA|41543
106|IZQUIERDO|41300
107|RIVAS|41188
108|RIVERA|40855
109|CASADO|40396
110|ARROYO|40148
111|REDONDO|40135
112|CAMACHO|40093
113|SILVA|39798
114|REY|39733
115|VERA|39719
116|GALAN|39367
117|LUQUE|39297
118|OTERO|39152
119|MONTES|39032
120|RIOS|38960
121|SIERRA|38910
122|SEGURA|38701
123|CARRILLO|38190
124|MARCOS|37753
125|MARTI|37121
126|SORIANO|36914
127|MENDOZA|36670
128|BERNAL|36431
129|ROBLES|36301
130|VILA|35939
131|VALERO|35773
132|EXPOSITO|35114
133|PALACIOS|35063
134|HEREDIA|34824
135|MACIAS|34715
136|BENITO|34674
137|VARELA|34562
138|ANDRES|34429
139|GUERRA|34412
140|BUENO|33896
141|ROLDAN|33833
142|MATEO|33746
143|CONTRERAS|33276
144|VILLAR|33233
145|PEREIRA|33144
146|MIRANDA|32639
147|GUILLEN|32440
148|MATEOS|32212
149|ESCUDERO|31967
150|AGUILERA|31743
151|CASAS|31412
152|MENENDEZ|31174
153|APARICIO|31070
154|RIVERO|30742
155|ESTEVEZ|30433
156|PADILLA|30403
157|BELTRAN|30378
158|CALDERON|30230
159|GALVEZ|30166
160|RICO|30159
161|GRACIA|29914
162|ABAD|29824
163|CONDE|29781
164|JURADO|29694
165|SALAS|29617
166|PLAZA|29394
167|QUINTANA|29381
168|ARANDA|29177
169|ACOSTA|29175
170|BERMUDEZ|28971
171|BLAZQUEZ|28968
172|ROCA|28619
173|SANTAMARIA|28498
174|SALAZAR|28482
175|GUZMAN|28410
176|MIGUEL|28163
177|COSTA|28123
178|SERRA|28030
179|MANZANO|27988
180|VILLANUEVA|27938
181|CUESTA|27721
182|TOMAS|27590
183|HURTADO|27531
184|RUEDA|27504
185|TRUJILLO|27496
186|AVILA|27273
187|PACHECO|27094
188|SIMON|26895
189|DE LA FUENTE|26847
190|PONS|26561
191|MESA|26531
192|LAZARO|26488
193|SANCHO|26374
194|DEL RIO|26340
195|ESCOBAR|26018
196|MILLAN|25847
197|LUNA|25834
198|ALARCON|25785
199|BLASCO|25629
200|ZAMORA|25549
201|CASTAÑO|25447
202|SALVADOR|25227
203|BERMEJO|24926
204|BALLESTEROS|24711
205|PAREDES|24704
206|VALVERDE|24649
207|MALDONADO|24604
208|ANTON|24556
209|BAUTISTA|24120
210|VALLE|23908
211|PONCE|23809
212|OLIVA|23668
213|LORENTE|23573
214|RODRIGO|23550
215|DE LA CRUZ|23514
216|CORDERO|23501
217|JUAN|23239
218|COLLADO|23127
219|MONTOYA|23124
220|MAS|23099
221|MURILLO|22991
222|POZO|22972
223|CUEVAS|22902
224|CUENCA|22887
225|MARTOS|22824
226|QUESADA|22282
227|BARROSO|22278
228|MARCO|22258
229|BARRERA|22149
230|ROS|22135
231|DE LA TORRE|22107
232|ORDOÑEZ|21937
233|ALBA|21667
234|GIMENO|21662
235|CABELLO|21579
236|CORRAL|21578
237|PULIDO|21537
238|NAVAS|21434
239|CHEN|21391
240|PUIG|21380
241|ROJO|21336
242|ARENAS|21289
243|SAIZ|21259
244|AGUADO|21245
245|SORIA|21205
246|DOMINGO|21128
247|GALINDO|21062
248|ESCRIBANO|21039
249|VALLEJO|20951
250|MENA|20906
251|ASENSIO|20840
252|AMADOR|20837
253|VALENCIA|20742
254|CARO|20738
255|RAMON|20664
256|LUCAS|20605
257|POLO|20518
258|NARANJO|20249
259|REINA|20203
260|AGUIRRE|20170
261|MATA|20146
262|VILLALBA|20089
263|LINARES|19907
264|MORAN|19854
265|PAZ|19847
266|OJEDA|19585
267|LEAL|19492
268|BURGOS|19258
269|CARRETERO|19146
270|OLIVER|18959
271|BONILLA|18848
272|SOSA|18565
273|ARAGON|18448
274|ROIG|18317
275|CARRION|18186
276|CLEMENTE|18154
277|CASTELLANO|18052
278|VILLA|18040
279|MOHAMED|17993
280|CORDOBA|17986
281|ROSA|17844
282|CACERES|17806
283|ANDREU|17805
284|CARRERA|17804
285|HERNANDO|17787
286|CALERO|17695
287|CARDENAS|17479
288|COBO|17468
289|JUAREZ|17446
290|CHACON|17388
291|ALCARAZ|17362
292|VELAZQUEZ|17350
293|CORREA|17322
294|SOLA|17186
295|SAAVEDRA|17178
296|DOMENECH|17144
297|ZAPATA|17131
298|RIERA|17122
299|TOLEDO|17093
300|LLORENTE|17065
301|MORAL|16943
302|VELA|16895
303|SALGADO|16649
304|CARBONELL|16609
305|VILLEGAS|16532
306|REQUENA|16411
307|ARRIBAS|16390
308|ALFONSO|16378
309|SEVILLA|16353
310|AYALA|16246
311|PELAEZ|16243
312|PRADO|16212
313|BARRIOS|16176
314|FONT|16173
315|OLIVARES|16140
316|CARBALLO|16080
317|PIÑEIRO|16059
318|FERREIRA|16042
319|LUIS|15989
320|ESTEVE|15926
321|SOLIS|15893
322|QUINTERO|15756
323|PINEDA|15748
324|CAMARA|15670
325|SALINAS|15636
326|GRAU|15608
327|PEREA|15561
328|BOSCH|15537
329|MARQUES|15429
330|CASTILLA|15378
331|CID|15355
332|PINTO|15349
333|CANTERO|15293
334|MARRERO|15290
335|DE LA ROSA|15263
336|BALLESTER|15242
337|SANCHIS|15113
338|PALOMO|15029
339|AREVALO|14938
340|BAENA|14868
341|NICOLAS|14822
342|RINCON|14805
343|CASANOVA|14800
344|MIRALLES|14776
345|SALA|14723
346|PORRAS|14702
347|BELMONTE|14693
348|LAGO|14673
349|RECIO|14623
350|PINO|14585
351|HERRANZ|14580
352|PALMA|14563
353|CARDONA|14554
354|BARBA|14515
355|MUÑIZ|14470
356|ARRANZ|14462
357|VENTURA|14391
358|COBOS|14331
359|SINGH|14294
360|COLL|14229
361|CABEZAS|14189
362|BARREIRO|14177
363|CUADRADO|14122
364|MADRID|14045
365|ANGULO|14030
366|CERVERA|14030
367|VAQUERO|13934
368|VELEZ|13911
369|PUENTE|13774
370|OCAÑA|13749
371|DA SILVA|13709
372|NAVARRETE|13706
373|BECERRA|13648
374|OCHOA|13636
375|GRANADOS|13596
376|PUJOL|13553
377|TAPIA|13527
378|BELLO|13526
379|ALFARO|13512
380|PERALTA|13479
381|VERGARA|13369
382|VALLS|13334
383|GAMEZ|13332
384|LATORRE|13262
385|ALCANTARA|13191
386|LOSADA|13191
387|CASTELLANOS|13186
388|MEJIAS|13184
389|CORRALES|13133
390|ROVIRA|13081
391|EGEA|13059
392|SASTRE|13041
393|CAMPO|13020
394|BARRAGAN|12986
395|FALCON|12968
396|FRAILE|12900
397|CEBRIAN|12897
398|ESTRADA|12881
399|GODOY|12880
400|HUERTAS|12840
401|CEREZO|12838
402|CATALAN|12826
403|SEGOVIA|12803
404|RUANO|12769
405|BORREGO|12714
406|BARBERO|12680
407|MORCILLO|12666
408|VALENZUELA|12638
409|AZNAR|12627
410|GUIJARRO|12605
411|ARJONA|12583
412|FERREIRO|12536
413|DEL VALLE|12534
414|PAVON|12510
415|FAJARDO|12492
416|SOLE|12467
417|TORO|12459
418|CARVAJAL|12444
419|DUARTE|12435
420|ARIZA|12412
421|PEINADO|12361
422|CANOVAS|12268
423|ROMERA|12253
424|MORILLO|12212
425|ALCAIDE|12207
426|SAINZ|12181
427|MELERO|12157
428|JORGE|12121
429|GORDILLO|12084
430|AGUDO|12075
431|LLAMAS|12068
432|LOBATO|12029
433|TEJERO|12027
434|VALDES|12014
435|GALVAN|12013
436|REAL|11997
437|ROSALES|11972
438|ROYO|11954
439|ESPEJO|11940
440|BARRIO|11940
441|PORTILLO|11930
442|TIRADO|11900
443|GONZALO|11890
444|DAVILA|11826
445|CRIADO|11798
446|DUQUE|11746
447|DORADO|11742
448|GRANDE|11686
449|CHAMORRO|11685
450|FREIRE|11678
451|FRIAS|11615
452|LIN|11590
453|MOYANO|11560
454|SOLANO|11525
455|CALLEJA|11507
456|PIZARRO|11503
457|FIGUEROA|11476
458|DE MIGUEL|11449
459|ZAMBRANO|11446
460|ROSADO|11436
461|HUERTA|11391
462|PLA|11383
463|OLMEDO|11372
464|MOSQUERA|11333
465|WANG|11316
466|ALCAZAR|11301
467|TENA|11244
468|ALCALDE|11216
469|AVILES|11215
470|PANIAGUA|11210
471|ALCALA|11199
472|FERRERO|11189
473|SAENZ|11172
474|DEL POZO|11168
475|AMAYA|11162
476|PENA|11156
477|VIVES|11047
478|LLORENS|10994
479|PAZOS|10983
480|GARZON|10981
481|NOGUERA|10967
482|REBOLLO|10961
483|LAFUENTE|10956
484|HERAS|10949
485|BONET|10929
486|SALGUERO|10883
487|CHAVES|10822
488|SERNA|10808
489|PAEZ|10792
490|SALCEDO|10786
491|BARTOLOME|10781
492|ARAUJO|10775
493|MATEU|10698
494|POVEDA|10695
495|HERVAS|10692
496|PIÑERO|10691
497|BRITO|10686
498|ARCE|10676
499|DOS SANTOS|10675
500|OLMO|10661
501|BARRANCO|10647
502|ABELLAN|10644
503|VALLES|10629
504|QUIROS|10546
505|HARO|10537
506|CABEZA|10524
507|VALIENTE|10503
508|GINER|10498
509|ANDRADE|10478
510|BORRAS|10475
511|LLOPIS|10416
512|AHMED|10401
513|SOUTO|10391
514|GARCES|10356
515|BILBAO|10350
516|MIRA|10337
517|PALOMINO|10327
518|ALVARADO|10321
519|BARCELO|10318
520|BORJA|10314
521|MELLADO|10298
522|LAGUNA|10298
523|YAÑEZ|10291
524|FUERTES|10265
525|AFONSO|10208
526|MOLERO|10197
527|PALOMARES|10186
528|OSORIO|10174
529|RIBAS|10145
530|CALLE|10137
531|DEL CASTILLO|10132
532|OROZCO|10116
533|CARREÑO|10109
534|OSUNA|10103
535|CASTELLO|10030
536|MAESTRE|10000
537|SAN JOSE|9975
538|CASTAÑEDA|9964
539|DEL PINO|9894
540|MONTESINOS|9879
541|PRATS|9832
542|ZAFRA|9796
543|VILCHEZ|9796
544|CEBALLOS|9796
545|BELLIDO|9772
546|BAEZA|9761
547|MINGUEZ|9750
548|OLMOS|9720
549|PAREJA|9692
550|PUERTAS|9685
551|FELIPE|9680
552|CARRERAS|9679
553|GASCON|9651
554|LEIVA|9647
555|VIZCAINO|9642
556|URBANO|9637
557|PERALES|9586
558|SEBASTIAN|9569
559|JAEN|9564
560|ZARAGOZA|9535
561|LUENGO|9530
562|PERIS|9516
563|MURCIA|9503
564|ZHANG|9485
565|BUSTAMANTE|9471
566|CHAVEZ|9455
567|GAGO|9434
568|CAMPILLO|9429
569|MONTORO|9410
570|ARCOS|9408
571|ALEGRE|9366
572|TEJADA|9356
573|DE CASTRO|9308
574|ENRIQUEZ|9285
575|CASAL|9264
576|BAÑOS|9257
577|CAÑAS|9242
578|ACEVEDO|9235
579|MONGE|9219
580|VALERA|9219
581|FUSTER|9177
582|LEDESMA|9148
583|SOBRINO|9143
584|NADAL|9122
585|VILAR|9116
586|SANJUAN|9111
587|TEJEDOR|9071
588|BUSTOS|9055
589|TELLO|9013
590|SEOANE|8994
591|CAZORLA|8940
592|FERRE|8920
593|VASQUEZ|8902
594|SALMERON|8899
595|PALLARES|8879
596|CONESA|8860
597|SARMIENTO|8836
598|VERDU|8825
599|JEREZ|8824
600|ZABALA|8775
601|MOREIRA|8774
602|MARI|8759
603|ARMAS|8750
604|RIPOLL|8744
605|DE LEON|8742
606|FERRANDO|8738
607|ROCHA|8718
608|ORELLANA|8715
609|BAREA|8697
610|MORO|8680
611|VEIGA|8680
612|JARA|8676
613|BAEZ|8669
614|JORDAN|8669
615|MONTIEL|8660
616|MAYOR|8635
617|CATALA|8633
618|BARRERO|8632
619|DEL CAMPO|8624
620|SANDOVAL|8622
621|CLIMENT|8585
622|FRAGA|8584
623|TORTOSA|8584
624|SAN MARTIN|8546
625|TABOADA|8533
626|LOBO|8522
627|PRADA|8519
628|AYUSO|8516
629|PRADOS|8506
630|BEJARANO|8502
631|ARTEAGA|8495
632|ABRIL|8476
633|TAMAYO|8451
634|MORON|8447
635|AMOROS|8445
636|MAYA|8427
637|PADRON|8420
638|DIEGUEZ|8413
639|PATIÑO|8395
640|ALEMAN|8347
641|PEÑALVER|8345
642|ALVARO|8317
643|BATISTA|8309
644|ALMEIDA|8291
645|MANSO|8277
646|YUSTE|8263
647|MAROTO|8243
648|CERDA|8243
649|INFANTE|8242
650|BARROS|8232
651|GALERA|8224
652|BERENGUER|8158
653|ALBERT|8157
654|YE|8148
655|NOGALES|8133
656|ATIENZA|8118
657|PINILLA|8084
658|MANRIQUE|8066
659|RIBERA|8054
660|MOTA|8054
661|MACHADO|8053
662|PEDROSA|8043
663|CANALES|8036
664|MIRO|8032
665|VILLAVERDE|8018
666|DEL OLMO|7995
667|MIGUEZ|7995
668|DIEGO|7993
669|LUCENA|7992
670|SAMPEDRO|7986
671|VIÑAS|7985
672|ECHEVERRIA|7977
673|JARAMILLO|7955
674|MEDRANO|7943
675|VILLENA|7937
676|DUEÑAS|7933
677|TERUEL|7906
678|CIFUENTES|7857
679|MANZANARES|7831
680|MEJIA|7830
681|UBEDA|7826
682|ECHEVARRIA|7824
683|ALMAGRO|7824
684|RAYA|7822
685|XU|7815
686|SEVILLANO|7810
687|ORTUÑO|7800
688|NOVOA|7788
689|LI|7780
690|MERCHAN|7716
691|CHECA|7695
692|ARES|7685
693|TRIGO|7676
694|DE LAS HERAS|7661
695|LUJAN|7653
696|ROBLEDO|7652
697|PERDOMO|7640
698|MORILLAS|7636
699|ACEDO|7635
700|ESPAÑA|7632
701|INIESTA|7629
702|FRANCISCO|7622
703|FRANCES|7592
704|HERREROS|7589
705|CAPARROS|7586
706|MACIA|7579
707|PUERTO|7571
708|DE DIEGO|7568
709|BOLAÑOS|7558
710|QUEVEDO|7558
711|SEGARRA|7538
712|HERMIDA|7521
713|BALAGUER|7511
714|GRANADO|7502
715|MATAS|7489
716|MONTAÑO|7458
717|ZAMORANO|7447
718|ESPADA|7433
719|BERNABE|7429
720|TALAVERA|7425
721|IBARRA|7397
722|PUERTA|7389
723|ALVES|7389
724|TORRE|7367
725|PERAL|7367
726|TELLEZ|7355
727|PRAT|7354
728|TORIBIO|7336
729|PINA|7332
730|MONTILLA|7322
731|MAYO|7320
732|CUBERO|7315
733|TOME|7296
734|BARBERA|7283
735|CORONADO|7283
736|MARIÑO|7277
737|MONZON|7271
738|BUENDIA|7260
739|BERNABEU|7243
740|MOLINERO|7232
741|LAMAS|7218
742|GIRALDO|7208
743|PALACIO|7207
744|CARRO|7183
745|PEIRO|7167
746|BADIA|7157
747|ENCINAS|7155
748|SANMARTIN|7148
749|LLORET|7146
750|ARANA|7140
751|WU|7117
752|MARTORELL|7111
753|RODENAS|7107
754|BOIX|7075
755|DE LOS SANTOS|7069
756|PARRILLA|7065
757|SAURA|7063
758|CERVANTES|7063
759|VIVAS|7056
760|MELIAN|7056
761|LIU|7055
762|CAMPS|7013
763|COSTAS|7012
764|MELENDEZ|7009
765|COCA|6999
766|MAYORAL|6997
767|VALDIVIA|6982
768|TOVAR|6971
769|HINOJOSA|6960
770|MARISCAL|6950
771|FIDALGO|6939
772|PIQUERAS|6938
773|QUILES|6921
774|CAÑETE|6921
775|PEDRAZA|6915
776|REVUELTA|6864
777|NARVAEZ|6860
778|FARIÑA|6850
779|ZHOU|6847
780|MIR|6840
781|CUELLAR|6836
782|ACUÑA|6830
783|PLANAS|6827
784|SEPULVEDA|6791
785|CARRERO|6785
786|ZURITA|6780
787|PICAZO|6744
788|GOÑI|6732
789|GAMERO|6731
790|UREÑA|6723
791|CAÑADAS|6711
792|SALES|6707
793|DIALLO|6694
794|ANDUJAR|6679
795|LEMA|6665
796|GORDO|6624
797|CESPEDES|6618
798|PARADA|6615
799|RIAL|6605
800|PALAU|6591
801|GIRON|6590
802|FRUTOS|6584
803|CODINA|6584
804|MESTRE|6583
805|SOLANA|6579
806|PICO|6560
807|TORREGROSA|6560
808|ALAMO|6551
809|PERERA|6549
810|FUENTE|6543
811|SABATER|6536
812|AMOR|6535
813|RODRIGUES|6525
814|CARRASCOSA|6523
815|ROMO|6513
816|ARNAU|6505
817|BOTELLA|6499
818|SEGUI|6499
819|ARELLANO|6488
820|GUISADO|6485
821|RIQUELME|6485
822|ADAN|6469
823|NOVO|6456
824|VILCHES|6452
825|QUIROGA|6449
826|VIERA|6446
827|MERA|6436
828|AMORES|6434
829|ESPINOZA|6390
830|CALATAYUD|6380
831|DE DIOS|6367
832|VEGAS|6363
833|RIBES|6349
834|ANTOLIN|6343
835|NEVADO|6340
836|TOLEDANO|6337
837|CHICO|6333
838|REVILLA|6315
839|LORA|6310
840|HERMOSO|6308
841|PAREJO|6282
842|HERRAIZ|6274
843|PELLICER|6274
844|CENTENO|6271
845|QUERO|6262
846|PALAZON|6259
847|FARRE|6245
848|CANTOS|6243
849|JAIME|6236
850|LABRADOR|6232
851|RUS|6228
852|BENAVIDES|6226
853|RAMIRO|6223
854|JIMENO|6215
855|NEIRA|6210
856|CAAMAÑO|6200
857|ANTUNEZ|6198
858|NIEVES|6194
859|TORRALBA|6188
860|ALI|6186
861|DEL MORAL|6169
862|SEMPERE|6156
863|VICO|6153
864|CORDON|6150
865|ALEMANY|6149
866|SILVESTRE|6149
867|BELDA|6147
868|YAGUE|6132
869|VERDUGO|6126
870|COMAS|6122
871|ELVIRA|6119
872|POSTIGO|6116
873|GUIRADO|6094
874|FONSECA|6090
875|SACRISTAN|6087
876|GUARDIOLA|6077
877|ROSELL|6055
878|VACA|6053
879|GUEVARA|6053
880|HOYOS|6046
881|MANSILLA|6045
882|MEGIAS|6028
883|GALIANO|6024
884|CAPDEVILA|6024
885|COLOMER|6022
886|CANTO|6015
887|FLOREZ|5997
888|SOUSA|5978
889|MONTENEGRO|5977
890|URIARTE|5973
891|ARNAIZ|5963
892|BERROCAL|5953
893|CAÑIZARES|5951
894|CABANILLAS|5939
895|ROSELLO|5935
896|GABARRI|5926
897|SANS|5921
898|PIÑA|5912
899|PERELLO|5884
900|POP|5884
901|OLIVEIRA|5878
902|LLANOS|5877
903|FEIJOO|5875
904|RIO|5874
905|AROCA|5860
906|GISBERT|5844
907|TRILLO|5808
908|GILABERT|5805
909|FIGUERAS|5802
910|CRISTOBAL|5793
911|ESPIN|5791
912|MAZA|5773
913|MONTEAGUDO|5770
914|CORNEJO|5759
915|CERDAN|5759
916|ALIAGA|5758
917|MAÑAS|5751
918|SAN JUAN|5747
919|PORTELA|5726
920|QUIÑONES|5720
921|POPA|5710
922|CHAPARRO|5709
923|TUDELA|5690
924|GARRIGA|5683
925|TORREJON|5661
926|CAMPOY|5661
927|AMADO|5658
928|AMAT|5656
929|SECO|5651
930|REIG|5627
931|MESEGUER|5625
932|MURIEL|5564
933|JULIAN|5558
934|CARPIO|5552
935|HOLGADO|5551
936|MATOS|5550
937|TEJERA|5537
938|CARRANZA|5536
939|MORILLA|5527
940|CAMINO|5527
941|BARRIENTOS|5508
942|MARMOL|5507
943|BASTIDA|5501
944|ESPINO|5488
945|MERCADO|5484
946|BETANCOR|5482
947|ABREU|5482
948|OVIEDO|5481
949|KAUR|5480
950|SAN MIGUEL|5479
951|OLIVERA|5474
952|CASTELLS|5470
953|VALCARCEL|5468
954|SALDAÑA|5458
955|ZHU|5436
956|SAMPER|5434
957|MORERA|5429
958|PLASENCIA|5406
959|GASPAR|5392
960|JULIA|5392
961|GUIRAO|5383
962|CASALS|5372
963|LIMA|5351
964|NOGUEIRA|5344
965|GAVILAN|5342
966|BENAVENTE|5336
967|PARIS|5335
968|LILLO|5318
969|FLORIDO|5314
970|RUZ|5306
971|MELGAR|5292
972|FERRERA|5263
973|MORATO|5257
974|GOMIS|5256
975|CHICA|5255
976|DE HARO|5244
977|VALDERRAMA|5214
978|ZHENG|5214
979|ANAYA|5211
980|CALZADA|5209
981|UGARTE|5201
982|TUR|5201
983|JORDA|5189
984|PEREDA|5187
985|RECHE|5181
986|CASARES|5180
987|CARDOSO|5173
988|ELIAS|5163
989|CUETO|5159
990|PAJARES|5155
991|DE LA IGLESIA|5154
992|URRUTIA|5154
993|HIGUERAS|5149
994|FERRERAS|5148
995|GOMES|5146
996|DORTA|5137
997|VERDEJO|5134
998|PUEYO|5130
999|JOVER|5127
1000|LORCA|5126
1001|MONTALVO|5124
1002|LARREA|5118
1003|CONEJO|5112
1004|BERNARDO|5109
1005|VARA|5100
1006|MERIDA|5091
1007|DE LA PEÑA|5088
1008|CABRERO|5081
1009|CASERO|5057
1010|BARBOSA|5056
1011|AGULLO|5053
1012|MATO|5050
1013|RIUS|5046
1014|DEL AMO|5044
1015|GALLO|5041
1016|SALAMANCA|5039
1017|DAZA|5034
1018|ARRIETA|5030
1019|COELLO|5024
1020|DENIZ|5023
1021|CERRO|5022
1022|ROPERO|5020
1023|SIMO|5020
1024|CANDELA|5019
1025|ASENJO|5016
1026|LLORCA|5011
1027|MAESTRO|4995
1028|ALBALADEJO|4994
1029|ARAGONES|4982
1030|BRIONES|4976
1031|BENAVENT|4972
1032|MATIAS|4970
1033|PAGES|4966
1034|PALOMAR|4962
1035|BAYON|4955
1036|CASANOVAS|4929
1037|CORBACHO|4924
1038|TORRADO|4917
1039|ESPARZA|4912
1040|MARTINS|4910
1041|GARMENDIA|4896
1042|QUINTANILLA|4885
1043|FERRANDEZ|4884
1044|PUGA|4877
1045|ESCALANTE|4876
1046|ESPINAR|4874
1047|MARTEL|4859
1048|HIERRO|4858
1049|MONJE|4858
1050|VILANOVA|4857
1051|DE LA VEGA|4855
1052|CAPILLA|4853
1053|VADILLO|4851
1054|BARRIGA|4849
1055|TORMO|4843
1056|PINTADO|4841
1057|CABO|4837
1058|GARAY|4831
1059|IRIARTE|4829
1060|MADRIGAL|4827
1061|BOU|4823
1062|SALIDO|4820
1063|SABATE|4820
1064|MONTALBAN|4819
1065|ZUÑIGA|4819
1066|AYLLON|4802
1067|ANGUITA|4791
1068|DONOSO|4790
1069|VILLALOBOS|4790
1070|RAMA|4779
1071|DE LA CALLE|4778
1072|TORRENT|4775
1073|BARRETO|4775
1074|LARRAÑAGA|4773
1075|POZA|4769
1076|BLAS|4767
1077|MILAN|4763
1078|GUARDIA|4762
1079|DE ANDRES|4750
1080|MANCEBO|4749
1081|TRIVIÑO|4736
1082|MOLLA|4735
1083|DE PABLO|4734
1084|MONREAL|4723
1085|MIQUEL|4717
1086|PITA|4711
1087|PORCEL|4708
1088|VAL|4701
1089|BUSTO|4693
1090|DONAIRE|4690
1091|PORTERO|4684
1092|CARPINTERO|4684
1093|AMIGO|4683
1094|DALMAU|4679
1095|BUITRAGO|4676
1096|CASTILLEJO|4664
1097|MEDIAVILLA|4661
1098|CADENAS|4661
1099|NDIAYE|4661
1100|IVANOV|4660
1101|ZORRILLA|4656
1102|SANABRIA|4653
1103|VALENTIN|4651
1104|GREGORIO|4650
1105|PAYA|4639
1106|PORTA|4633
1107|PIÑOL|4630
1108|ANTEQUERA|4630
1109|GIRALDEZ|4625
1110|PICON|4621
1111|GABARRE|4621
1112|SMITH|4617
1113|BLANCH|4602
1114|CASCALES|4601
1115|RABADAN|4586
1116|MENESES|4585
1117|CORTIJO|4577
1118|ALBERDI|4576
1119|GARROTE|4572
1120|CAÑADA|4571
1121|COMPANY|4571
1122|CUERVO|4570
1123|BARAHONA|4566
1124|ALBARRAN|4566
1125|RODA|4556
1126|FERNANDES|4556
1127|SARABIA|4551
1128|ANGEL|4550
1129|MIGUELEZ|4539
1130|ESCRIVA|4535
1131|CLAVIJO|4517
1132|GEA|4516
1133|CISNEROS|4513
1134|TERRON|4504
1135|GINES|4501
1136|RONCERO|4499
1137|MONTAÑES|4495
1138|JODAR|4494
1139|GRANDA|4492
1140|PARRAGA|4489
1141|YANG|4483
1142|NORIEGA|4477
1143|PELAYO|4475
1144|LLUCH|4475
1145|DE FRUTOS|4475
1146|CARBAJO|4474
1147|MONTESDEOCA|4472
1148|AGUIAR|4463
1149|VELASQUEZ|4463
1150|POZUELO|4460
1151|DIOP|4459
1152|BERLANGA|4446
1153|PALMERO|4446
1154|REGUERA|4442
1155|ALMANSA|4437
1156|MICO|4418
1157|DE JESUS|4415
1158|BAYO|4409
1159|AGUERA|4408
1160|JUSTO|4408
1161|VALLADARES|4402
1162|PUCHE|4400
1163|SILES|4392
1164|PORTO|4391
1165|ARCAS|4373
1166|BERTRAN|4371
1167|RAPOSO|4369
1168|PRIEGO|4363
1169|MORALEDA|4360
1170|REGUEIRO|4358
1171|MORANTE|4341
1172|PEÑAS|4338
1173|RADU|4335
1174|ABELLA|4329
1175|TENORIO|4328
1176|UTRERA|4325
1177|MORGADO|4324
1178|QUEROL|4320
1179|MURO|4317
1180|TRIGUERO|4316
1181|MARIA|4315
1182|MILLA|4311
1183|IVANOVA|4305
1184|CASTRILLO|4303
1185|PLANA|4292
1186|GAZQUEZ|4291
1187|VACAS|4290
1188|MORELL|4284
1189|INFANTES|4283
1190|ZAMBRANA|4283
1191|CABAÑAS|4280
1192|MAQUEDA|4277
1193|CARRACEDO|4273
1194|CEPEDA|4271
1195|MONROY|4260
1196|GRANERO|4254
1197|PANADERO|4253
1198|CARBO|4248
1199|ALMAZAN|4223
1200|MACHO|4219
1201|CARABALLO|4219
1202|CARAVACA|4216
1203|POMARES|4215
1204|MANJON|4211
1205|ROA|4208
1206|PLATA|4207
1207|CASTEJON|4206
1208|ESCALONA|4203
1209|TORNERO|4200
1210|FORTES|4198
1211|VILLARREAL|4195
1212|PRADAS|4194
1213|SEDANO|4193
1214|MOLINER|4190
1215|MULERO|4190
1216|DE PAZ|4189
1217|CERRATO|4185
1218|ARGUELLES|4173
1219|CANTON|4171
1220|ARREGUI|4170
1221|CONCEPCION|4169
1222|ROCAMORA|4168
1223|DURA|4167
1224|VILAS|4162
1225|CASTELL|4154
1226|ASENCIO|4153
1227|ALCON|4143
1228|BARCO|4140
1229|ROSILLO|4140
1230|URIBE|4137
1231|SOTELO|4134
1232|BARON|4130
1233|AMARO|4127
1234|GANDIA|4126
1235|LOUREIRO|4123
1236|BAZAN|4119
1237|TEBAR|4110
1238|CALZADO|4099
1239|MIRAS|4096
1240|HUANG|4083
1241|BOLIVAR|4082
1242|MACHIN|4082
1243|MOLDOVAN|4076
1244|TORRIJOS|4066
1245|CAMPAÑA|4063
1246|HENRIQUEZ|4061
1247|TEIXEIRA|4059
1248|AGUAYO|4056
1249|CUARTERO|4055
1250|CANALS|4044
1251|ARMENGOL|4044
1252|TRINIDAD|4042
1253|SENDRA|4035
1254|DE PEDRO|4035
1255|CANAL|4031
1256|ROMANO|4031
1257|FABREGAT|4029
1258|VENEGAS|4022
1259|VIGO|4016
1260|CONEJERO|4013
1261|RIVEIRO|4008
1262|COLOM|4007
1263|LLEDO|4007
1264|IÑIGUEZ|4004
1265|FELIX|3997
1266|PAN|3990
1267|PARRAS|3987
1268|JAUREGUI|3985
1269|QUINTAS|3981
1270|ALSINA|3979
1271|NICOLAU|3976
1272|CUTILLAS|3974
1273|VILARIÑO|3970
1274|OLLER|3967
1275|ABASCAL|3966
1276|DEL BARRIO|3958
1277|RAMIS|3957
1278|MENGUAL|3955
1279|MANGAS|3952
1280|ESCAMILLA|3948
1281|ARTILES|3942
1282|MORATA|3938
1283|BARRENA|3933
1284|ROQUE|3932
1285|CORONEL|3932
1286|COZAR|3926
1287|PEDRERO|3925
1288|DUMITRU|3922
1289|SEIJAS|3919
1290|TERAN|3917
1291|GALIANA|3912
1292|MIRON|3911
1293|CARNERO|3909
1294|ANTELO|3908
1295|MONFORT|3907
1296|AGUILA|3897
1297|ROSAS|3897
1298|NEBOT|3896
1299|SALVATIERRA|3893
1300|FONTAN|3893
1301|CASILLAS|3892
1302|FERRI|3889
1303|QUILEZ|3887
1304|JIN|3884
1305|CAMARERO|3882
1306|BEJAR|3881
1307|TORRECILLAS|3879
1308|UCEDA|3878
1309|PABLOS|3877
1310|ORTS|3877
1311|LLANO|3876
1312|PABLO|3872
1313|TORRENTE|3871
1314|FERRO|3865
1315|VARO|3864
1316|DIZ|3862
1317|BUSQUETS|3858
1318|ABADIA|3856
1319|HUGUET|3851
1320|HUSSAIN|3850
1321|LAHOZ|3848
1322|LANDA|3848
1323|PARRADO|3844
1324|PANTOJA|3843
1325|CASES|3835
1326|ORTA|3824
1327|LAVADO|3815
1328|ARAMBURU|3812
1329|YANES|3811
1330|JIANG|3810
1331|DEVESA|3809
1332|BREA|3809
1333|SAN ROMAN|3802
1334|ARNAL|3793
1335|BARCIA|3793
1336|POSADA|3788
1337|NIÑO|3782
1338|GRAÑA|3780
1339|TORRECILLA|3778
1340|VALBUENA|3774
1341|VICENT|3768
1342|VIEJO|3758
1343|COUTO|3757
1344|DE OLIVEIRA|3756
1345|ROSARIO|3754
1346|GONZALVEZ|3749
1347|CAYUELA|3744
1348|IBORRA|3735
1349|RUA|3732
1350|AMO|3729
1351|ROMEO|3726
1352|VIANA|3725
1353|REINOSO|3723
1354|ALCOLEA|3722
1355|ROSSELLO|3718
1356|GONZALES|3717
1357|MARINA|3717
1358|LASO|3715
1359|MOTOS|3715
1360|FUNES|3713
1361|RIBEIRO|3710
1362|MUGICA|3709
1363|LIEBANA|3707
1364|ANDRADES|3703
1365|MATAMOROS|3698
1366|FERRANDIZ|3694
1367|HIGUERA|3692
1368|DURO|3688
1369|MASIP|3685
1370|ALGUACIL|3684
1371|BORRERO|3677
1372|VENDRELL|3675
1373|LASTRA|3674
1374|BAS|3671
1375|MENDIZABAL|3649
1376|BARRIONUEVO|3649
1377|IRANZO|3649
1378|DE JUAN|3643
1379|BAQUERO|3642
1380|NUÑO|3640
1381|MOLL|3638
1382|GADEA|3635
1383|SIMARRO|3633
1384|TOSCANO|3633
1385|BLANES|3630
1386|ARTIGAS|3629
1387|PEREIRO|3628
1388|ARRABAL|3625
1389|DEL REY|3618
1390|LAGE|3605
1391|RANGEL|3596
1392|TORRICO|3596
1393|ACERO|3593
1394|CARREIRA|3592
1395|SAMANIEGO|3591
1396|ROZAS|3589
1397|MATILLA|3587
1398|VIVANCOS|3584
1399|PARREÑO|3583
1400|BLANCA|3578
1401|BARRAL|3571
1402|NAVALON|3568
1403|BORGES|3567
1404|CANET|3560
1405|SELLES|3558
1406|ORTIGOSA|3552
1407|LIÑAN|3547
1408|FELIU|3547
1409|REGALADO|3541
1410|ESTEBANEZ|3541
1411|LLINARES|3535
1412|EGIDO|3526
1413|ARAQUE|3526
1414|YEPES|3521
1415|ARTERO|3520
1416|BARQUERO|3518
1417|MONDEJAR|3518
1418|PASTRANA|3510
1419|PINEDO|3506
1420|CORTINA|3506
1421|ROMEU|3506
1422|MORENTE|3506
1423|HUETE|3504
1424|ALBERO|3501
1425|IZAGUIRRE|3500
1426|POMBO|3499
1427|CURBELO|3494
1428|LASA|3490
1429|DEL VAL|3487
1430|CAO|3483
1431|BELLON|3481
1432|TOLOSA|3480
1433|FRANCH|3478
1434|MATE|3478
1435|PINTOR|3476
1436|OLEA|3475
1437|SABORIDO|3473
1438|ALMENDROS|3467
1439|CORREAS|3464
1440|AGUERO|3464
1441|CURTO|3464
1442|DE BLAS|3462
1443|BARREDA|3456
1444|CONSTANTIN|3456
1445|COTO|3455
1446|BERNAD|3455
1447|MERCADER|3453
1448|DE LUCAS|3449
1449|GUASCH|3448
1450|EDO|3446
1451|PAGAN|3445
1452|MULET|3441
1453|MONZO|3437
1454|STAN|3434
1455|CLAVERO|3433
1456|BEDOYA|3429
1457|BALLESTA|3429
1458|BERNARDEZ|3426
1459|SOLERA|3422
1460|PALENCIA|3422
1461|CRUCES|3419
1462|CORCOLES|3418
1463|NEGRIN|3412
1464|CURIEL|3410
1465|MENDES|3410
1466|VELARDE|3409
1467|ARANGO|3406
1468|NOTARIO|3403
1469|PAJUELO|3403
1470|CORBALAN|3402
1471|ALLER|3399
1472|FRESNEDA|3397
1473|HITA|3397
1474|GOICOECHEA|3395
1475|STOICA|3395
1476|ESPINA|3394
1477|SALADO|3390
1478|COLMENERO|3384
1479|TERCERO|3383
1480|CUEVA|3382
1481|OLTRA|3378
1482|CHINCHILLA|3376
1483|HU|3374
1484|TORRAS|3372
1485|GAITAN|3371
1486|MELO|3370
1487|ACEITUNO|3366
1488|ALGABA|3364
1489|LOSA|3362
1490|BARRACHINA|3362
1491|CALABUIG|3359
1492|CALVENTE|3359
1493|ZARATE|3358
1494|PITARCH|3356
1495|VARONA|3356
1496|LAVIN|3355
1497|VICARIO|3354
1498|VIEIRA|3354
1499|DE LOS REYES|3353
1500|LLADO|3353
1501|MARCH|3352
1502|BAJO|3351
1503|GUILLEM|3346
1504|DA COSTA|3344
1505|GALISTEO|3341
1506|ALBEROLA|3341
1507|TABARES|3338
1508|AVALOS|3336
1509|PATON|3331
1510|SOLSONA|3329
1511|GABALDON|3329
1512|VALDIVIESO|3324
1513|DE LA HOZ|3318
1514|BAYONA|3313
1515|GIJON|3313
1516|ESCOLANO|3311
1517|NOYA|3311
1518|REGO|3310
1519|SIRVENT|3310
1520|GUILLAMON|3307
1521|HERRAEZ|3307
1522|CORPAS|3304
1523|BORREGUERO|3298
1524|IÑIGO|3295
1525|QUINTELA|3290
1526|VICENS|3290
1527|BERTOMEU|3288
1528|GHEORGHE|3287
1529|SERRAT|3284
1530|CUADROS|3283
1531|PACHON|3282
1532|POPESCU|3277
1533|PIEDRA|3276
1534|HUESO|3273
1535|BORRELL|3273
1536|CEDEÑO|3271
1537|MIHAI|3267
1538|BARRADO|3266
1539|RENDON|3262
1540|ZARZA|3256
1541|ALCOCER|3255
1542|AZORIN|3251
1543|TRIGUEROS|3250
1544|RODERO|3242
1545|CASTIÑEIRA|3238
1546|ASENSI|3238
1547|BARO|3236
1548|POSE|3234
1549|ALEGRIA|3230
1550|CALLEJO|3228
1551|MARCHENA|3227
1552|MUR|3226
1553|COLOMA|3219
1554|FELIZ|3218
1555|MONEDERO|3217
1556|DEL TORO|3216
1557|MAESO|3215
1558|SOMOZA|3213
1559|ARACIL|3211
1560|VIVO|3210
1561|VASILE|3208
1562|GANDARA|3207
1563|HEVIA|3204
1564|GAMBOA|3202
1565|AMENGUAL|3200
1566|QUISPE|3198
1567|BARCENA|3196
1568|GALEANO|3195
1569|TREJO|3193
1570|BATLLE|3191
1571|MAGAN|3189
1572|TORAL|3189
1573|GALARZA|3188
1574|MANCERA|3182
1575|CALLEJAS|3181
1576|GARGALLO|3180
1577|OCAMPO|3180
1578|BRENES|3179
1579|HERNANZ|3179
1580|BAUZA|3178
1581|CEJUDO|3175
1582|TORTAJADA|3175
1583|GAMARRA|3175
1584|POU|3169
1585|BOZA|3167
1586|BALBOA|3167
1587|DEL CERRO|3159
1588|BERNAT|3155
1589|PIQUER|3154
1590|TORRALBO|3153
1591|MOURE|3152
1592|TAMARIT|3151
1593|LLOP|3149
1594|ZARCO|3147
1595|JAREÑO|3146
1596|PELEGRIN|3146
1597|VILLAESCUSA|3146
1598|CABRERIZO|3145
1599|REQUEJO|3140
1600|COMESAÑA|3139
1601|PERONA|3136
1602|FABRA|3134
1603|CHAMIZO|3132
1604|LLACER|3128
1605|SEIJO|3126
1606|PRADES|3124
1607|MARQUINA|3122
1608|AGUSTI|3119
1609|LERMA|3115
1610|URBINA|3113
1611|GELABERT|3113
1612|QUIJADA|3111
1613|MAYORGA|3108
1614|BROTONS|3108
1615|MALAGON|3107
1616|RODAS|3101
1617|GASCO|3101
1618|DEL HOYO|3100
1619|LARROSA|3097
1620|MOLANO|3093
1621|PIMENTEL|3089
1622|LUMBRERAS|3085
1623|GIRONA|3079
1624|ARMENTEROS|3069
1625|BERRIO|3067
1626|SICILIA|3067
1627|VILLARROEL|3067
1628|ESTEPA|3066
1629|MACHUCA|3065
1630|TEJEDA|3060
1631|LOPES|3060
1632|MOSCOSO|3059
1633|TRONCOSO|3058
1634|COLLANTES|3056
1635|DIOS|3056
1636|NOVILLO|3055
1637|MIÑANA|3049
1638|MESAS|3043
1639|HERNAN|3039
1640|CRUZADO|3022
1641|OLIVERAS|3022
1642|HERMOSILLA|3018
1643|CAÑELLAS|3013
1644|FLOR|3013
1645|CAMARENA|3011
1646|VILALTA|3008
1647|AZCONA|3007
1648|RESTREPO|3004
1649|LOPERA|3001
1650|ESCOBEDO|3000
1651|LEYVA|2999
1652|MAGRO|2999
1653|REGUEIRA|2998
1654|ETXEBERRIA|2996
1655|COLLAZO|2993
1656|BOUZAS|2993
1657|BERBEL|2990
1658|ALCAÑIZ|2990
1659|REVERTE|2989
1660|CORONA|2989
1661|BATALLA|2984
1662|CANDEL|2983
1663|LEDO|2980
1664|BELENGUER|2976
1665|MONTSERRAT|2974
1666|CIUDAD|2972
1667|GALDON|2971
1668|GEORGIEV|2968
1669|JI|2968
1670|GONGORA|2965
1671|CUBAS|2964
1672|VARAS|2963
1673|ESPI|2961
1674|GALLEGOS|2960
1675|FABREGAS|2958
1676|PIERA|2957
1677|JONES|2956
1678|GALDEANO|2955
1679|CASTELLON|2955
1680|CORDOVA|2954
1681|PONT|2954
1682|PALACIN|2949
1683|VERDE|2949
1684|PUENTES|2946
1685|URIA|2943
1686|MADUEÑO|2942
1687|UTRILLA|2942
1688|MALLO|2939
1689|RICART|2939
1690|VAZ|2938
1691|JOVE|2937
1692|CEA|2936
1693|ARANGUREN|2935
1694|MUNUERA|2933
1695|CANOSA|2932
1696|MENDIETA|2932
1697|MAYORDOMO|2932
1698|ENRIQUE|2931
1699|ADAME|2931
1700|ROURA|2930
1701|MORANT|2930
1702|VINUESA|2929
1703|BAZ|2927
1704|TRAORE|2927
1705|IVARS|2925
1706|CASTELLA|2924
1707|DAVID|2924
1708|RIOJA|2923
1709|MUELA|2916
1710|PALLAS|2912
1711|VILLALON|2911
1712|BENEDICTO|2910
1713|VIÑA|2909
1714|LABORDA|2908
1715|LASHERAS|2907
1716|TEIJEIRO|2906
1717|TRUEBA|2904
1718|ZABALETA|2901
1719|GARATE|2901
1720|ILLAN|2901
1721|ESCOLAR|2900
1722|MELGAREJO|2899
1723|PORTILLA|2893
1724|DARIAS|2889
1725|CREMADES|2889
1726|AGUSTIN|2884
1727|SALVADO|2884
1728|ILLESCAS|2884
1729|BOADA|2883
1730|MONTAÑEZ|2882
1731|GOMARIZ|2880
1732|ORTIN|2879
1733|ADELL|2878
1734|JUNQUERA|2877
1735|CARRASCAL|2875
1736|OBREGON|2873
1737|BALDE|2873
1738|PADIN|2868
1739|GAVIRA|2865
1740|MARCHANTE|2864
1741|BOLUDA|2862
1742|LECHUGA|2861
1743|TROYA|2861
1744|FOLCH|2858
1745|FANDIÑO|2855
1746|MAGDALENO|2854
1747|VILAPLANA|2854
1748|GEORGIEVA|2852
1749|RAYO|2850
1750|ALDEA|2848
1751|FORNES|2847
1752|ELORZA|2844
1753|PUEBLA|2844
1754|ADROVER|2841
1755|TEROL|2837
1756|INSUA|2836
1757|LLOBET|2836
1758|MARZO|2832
1759|BONILLO|2829
1760|HORTELANO|2828
1761|BOUZA|2827
1762|ELENA|2826
1763|MULA|2826
1764|POLANCO|2825
1765|LEMOS|2824
1766|GREGORI|2823
1767|ANTONIO|2823
1768|ALEJO|2817
1769|SOLORZANO|2814
1770|MUHAMMAD|2814
1771|GOMILA|2808
1772|COROMINAS|2805
1773|ZAPICO|2804
1774|ALMODOVAR|2804
1775|ORIHUELA|2799
1776|JUSTICIA|2793
1777|PALENZUELA|2792
1778|GUAL|2789
1779|CACHO|2788
1780|RUBIALES|2788
1781|NOGUES|2786
1782|HOLGUIN|2784
1783|DONCEL|2782
1784|CLAVERIA|2779
1785|CANTARERO|2776
1786|CALVIÑO|2776
1787|ARMERO|2775
1788|DIMITROV|2775
1789|LARIOS|2774
1790|ARIÑO|2773
1791|ESCALERA|2773
1792|GUAMAN|2769
1793|MORAGA|2767
1794|LANZA|2762
1795|MONSERRAT|2762
1796|ARNEDO|2759
1797|SALOM|2756
1798|CAPEL|2755
1799|MOLINS|2755
1800|CUADRA|2754
1801|GUEDES|2752
1802|DOBLAS|2752
1803|ALBARRACIN|2751
1804|BARRUL|2751
1805|MATEI|2751
1806|CORREDOR|2744
1807|IQBAL|2740
1808|BOCANEGRA|2739
1809|PRESA|2735
1810|PINTOS|2730
1811|GONCALVES|2728
1812|CARAZO|2726
1813|MAGAÑA|2725
1814|GAYA|2723
1815|FALCO|2722
1816|OVEJERO|2720
1817|AUGUSTO|2720
1818|LUGO|2716
1819|ARREDONDO|2715
1820|OÑATE|2714
1821|ORGAZ|2712
1822|CAVERO|2712
1823|ETXEBARRIA|2707
1824|CASTELO|2706
1825|MALO|2705
1826|CUELLO|2705
1827|BARBER|2705
1828|CRESPI|2704
1829|ARREBOLA|2703
1830|MESTRES|2703
1831|LLAMAZARES|2703
1832|CABRAL|2701
1833|RIESCO|2699
1834|KHAN|2698
1835|EZQUERRA|2697
1836|VIGIL|2697
1837|DE LOS RIOS|2697
1838|SEBASTIA|2697
1839|JUEZ|2696
1840|LAMA|2693
1841|PLATERO|2693
1842|GALA|2689
1843|FARIÑAS|2689
1844|ARCO|2687
1845|BEL|2685
1846|RIBA|2681
1847|SUERO|2669
1848|ULLOA|2669
1849|OLIVEROS|2669
1850|LONDOÑO|2668
1851|GRANELL|2667
1852|MATUTE|2666
1853|ADRIAN|2664
1854|PEÑARANDA|2663
1855|ELIZALDE|2662
1856|VILLAREJO|2660
1857|RUBIA|2660
1858|TEIXIDO|2660
1859|FEITO|2659
1860|ASTORGA|2659
1861|PEDREIRA|2657
1862|TARIN|2655
1863|CAÑO|2653
1864|MELCHOR|2652
1865|DIMITROVA|2649
1866|TORRENS|2646
1867|PAÑOS|2645
1868|CALLEJON|2644
1869|NAVA|2641
1870|DE SOUSA|2641
1871|CARCELES|2641
1872|OLIVE|2640
1873|CABALEIRO|2640
1874|BATALLER|2639
1875|POYATOS|2638
1876|GORDON|2636
1877|MARFIL|2635
1878|ALLENDE|2631
1879|CALVET|2629
1880|MENACHO|2628
1881|RISCO|2626
1882|POL|2626
1883|OLALLA|2624
1884|SUREDA|2622
1885|ODRIOZOLA|2621
1886|CORREDERA|2618
1887|MOLTO|2618
1888|SERBAN|2618
1889|VALDEZ|2617
1890|SUN|2614
1891|SESMA|2611
1892|SILLERO|2606
1893|OSPINA|2606
1894|SARRIA|2605
1895|ARMENDARIZ|2603
1896|QIU|2603
1897|DOPICO|2602
1898|ESTRELLA|2600
1899|ARGUELLO|2600
1900|DIAS|2600
1901|VILLARROYA|2596
1902|CAVA|2595
1903|RUFO|2593
1904|COLAS|2592
1905|ABARCA|2591
1906|CERON|2588
1907|CAMARASA|2586
1908|SANTACRUZ|2585
1909|LIGERO|2585
1910|PERNAS|2584
1911|MADARIAGA|2580
1912|DOVAL|2578
1913|STEFAN|2576
1914|CARRIL|2572
1915|GAY|2571
1916|DEL ROSARIO|2571
1917|GARRIGOS|2571
1918|CAMPUZANO|2571
1919|BRUNO|2566
1920|SANTAELLA|2564
1921|HUMANES|2564
1922|VALENCIANO|2563
1923|MONTANER|2562
1924|ZAPATERO|2561
1925|LLABRES|2560
1926|GIBERT|2559
1927|SALGUEIRO|2558
1928|ROJANO|2555
1929|GAONA|2555
1930|PALMER|2554
1931|ISLA|2553
1932|BOHORQUEZ|2552
1933|GODINO|2552
1934|VASCO|2551
1935|RUSU|2551
1936|LIMON|2547
1937|SANJURJO|2547
1938|JAUME|2547
1939|TINOCO|2546
1940|GALLART|2543
1941|DOMENE|2540
1942|PARES|2540
1943|VILLALTA|2539
1944|MOZO|2539
1945|COMINO|2538
1946|KEITA|2538
1947|CUBILLO|2535
1948|ARRIZABALAGA|2534
1949|TENDERO|2533
1950|CARA|2528
1951|ESTRUCH|2527
1952|GARIJO|2527
1953|OLLE|2525
1954|EZQUERRO|2523
1955|PIRIS|2522
1956|HERRADOR|2521
1957|ESPINOLA|2520
1958|PARIENTE|2518
1959|BENET|2517
1960|FORTUNY|2516
1961|BUSTILLO|2513
1962|MIÑANO|2510
1963|BARQUIN|2509
1964|SANTANDER|2508
1965|GAMIZ|2507
1966|VIVAR|2505
1967|GRAS|2504
1968|ARTOLA|2502
1969|CIOBANU|2498
1970|CANCELA|2496
1971|BAÑON|2495
1972|BETHENCOURT|2488
1973|DOLZ|2488
1974|XIA|2488
1975|MANCHON|2487
1976|PIRES|2483
1977|CAPITAN|2481
1978|MAYOL|2481
1979|ARRIAGA|2480
1980|CABANES|2480
1981|MONTAÑA|2478
1982|BAILON|2478
1983|MANRESA|2476
1984|RECUERO|2475
1985|LAINEZ|2475
1986|OLIVAS|2474
1987|LORITE|2470
1988|ESQUINAS|2469
1989|VERGES|2466
1990|BUZON|2465
1991|ILIE|2465
1992|VILLALONGA|2462
1993|SAN EMETERIO|2462
1994|VICTORIA|2461
1995|ORTI|2460
1996|CHINEA|2460
1997|SALVA|2456
1998|NOVAS|2455
1999|SANGUINO|2455
2000|MAURI|2455
2001|PLANELLS|2454
2002|LOMAS|2453
2003|LOIS|2451
2004|WILLIAMS|2450
2005|BRU|2449
2006|MORATALLA|2447
2007|ARQUES|2447
2008|CARNICERO|2447
2009|IGUAL|2445
2010|MATESANZ|2445
2011|MONCADA|2445
2012|BLESA|2442
2013|DEL AGUILA|2439
2014|QUERALT|2436
2015|NAVAJAS|2434
2016|DEL ALAMO|2432
2017|CASELLAS|2432
2018|LEBRON|2427
2019|BRIZ|2426
2020|DE PRADO|2426
2021|COLORADO|2425
2022|MONTEJO|2425
2023|LAGARES|2424
2024|VIZUETE|2424
2025|JARQUE|2423
2026|CLAROS|2421
2027|LAZAR|2421
2028|MANCHADO|2420
2029|MANCILLA|2419
2030|FRESNO|2419
2031|BELLVER|2419
2032|VILLEN|2416
2033|ROMA|2413
2034|ARENCIBIA|2411
2035|BELINCHON|2409
2036|BIELSA|2404
2037|OLIVAN|2403
2038|MAMANI|2400
2039|COUSO|2400
2040|AGUILO|2400
2041|ALMENARA|2399
2042|VIEDMA|2398
2043|BERNA|2398
2044|BORRALLO|2394
2045|ISERN|2392
2046|CHUECA|2390
2047|LACALLE|2386
2048|NUEZ|2385
2049|FLOREA|2384
2050|FALL|2382
2051|JOSE|2381
2052|SARRION|2379
2053|MENOR|2379
2054|FILGUEIRA|2378
2055|MARAÑON|2378
2056|COMA|2376
2057|FLEITAS|2375
2058|UGALDE|2374
2059|PICHARDO|2374
2060|DE LA PUENTE|2374
2061|MASCARO|2373
2062|GARRO|2371
2063|CAMARGO|2371
2064|AMATE|2370
2065|MINGORANCE|2368
2066|CAPO|2364
2067|ANGLADA|2363
2068|DE FRANCISCO|2362
2069|IRIGOYEN|2358
2070|SAUCEDO|2357
2071|GIRONES|2355
2072|OSES|2353
2073|MOHEDANO|2352
2074|CERRILLO|2352
2075|SANTISTEBAN|2352
2076|BARAJAS|2350
2077|MAÑEZ|2348
2078|URREA|2346
2079|MORAGUES|2345
2080|LLERA|2343
2081|PARERA|2343
2082|ALEJANDRE|2339
2083|ZAZO|2337
2084|BELLES|2333
2085|VECINO|2330
2086|GAMBIN|2330
2087|ANDREO|2330
2088|BENJUMEA|2328
2089|BORONAT|2327
2090|FERIA|2325
2091|ALAMEDA|2322
2092|GABRIEL|2320
2093|BERZOSA|2320
2094|GIRALT|2319
2095|ALDANA|2318
2096|DONATE|2317
2097|FRUCTUOSO|2317
2098|VIVANCO|2315
2099|AGUDELO|2312
2100|PERNIA|2312
2101|ESCRIG|2311
2102|AÑON|2309
2103|NAHARRO|2307
2104|ITURBE|2304
2105|ALOS|2298
2106|OPREA|2298
2107|GUEYE|2296
2108|ACEBES|2295
2109|BONO|2294
2110|FERRANDIS|2294
2111|CASTAN|2293
2112|SANTIN|2293
2113|CASTAÑON|2289
2114|BERMUDO|2289
2115|RIAÑO|2287
2116|TRENADO|2286
2117|PARDOS|2286
2118|BARBERAN|2283
2119|TATO|2279
2120|BACHILLER|2276
2121|OLMEDA|2276
2122|MANUEL|2275
2123|ALTUNA|2274
2124|OLLERO|2272
2125|TORRENTS|2270
2126|DE LA PAZ|2269
2127|CHICHARRO|2269
2128|AVENDAÑO|2267
2129|LARGO|2267
2130|BUJAN|2265
2131|PADIAL|2265
2132|PI|2264
2133|COULIBALY|2264
2134|FABREGA|2262
2135|MIER|2260
2136|BENEYTO|2260
2137|GOIKOETXEA|2260
2138|SEDEÑO|2257
2139|PAYAN|2257
2140|PALAO|2257
2141|DIAGO|2256
2142|NOGUERAS|2255
2143|GUITART|2253
2144|ZAYAS|2253
2145|VILELA|2252
2146|CHENG|2249
2147|LAHUERTA|2248
2148|MOLES|2247
2149|BOTE|2247
2150|AQUINO|2247
2151|SOARES|2247
2152|PONTE|2246
2153|PINAR|2246
2154|MIÑARRO|2245
2155|RAVELO|2244
2156|BURILLO|2242
2157|MOROTE|2238
2158|SANDE|2238
2159|RIZO|2238
2160|DUAL|2233
2161|BLAYA|2233
2162|MAZON|2233
2163|ARBELO|2230
2164|MERLO|2230
2165|MEDEL|2229
2166|CHAO|2229
2167|FORES|2226
2168|MASA|2226
2169|HUERGA|2225
2170|CORCHERO|2224
2171|NUEVO|2223
2172|BERGES|2222
2173|CELDRAN|2221
2174|JUANES|2219
2175|MONSALVE|2218
2176|SORO|2216
2177|MURESAN|2216
2178|DOBLADO|2215
2179|MUIÑO|2215
2180|PRIOR|2214
2181|ARMESTO|2213
2182|OLAYA|2212
2183|GORRIZ|2211
2184|BECERRIL|2210
2185|DE VEGA|2209
2186|AMOEDO|2208
2187|SAHUQUILLO|2207
2188|ROCHE|2205
2189|MONCAYO|2204
2190|SAÑUDO|2203
2191|PEDREÑO|2202
2192|MORTE|2201
2193|VICEDO|2201
2194|PAMIES|2198
2195|ANTUÑA|2197
2196|CAMBRA|2195
2197|AIZPURUA|2194
2198|SANAHUJA|2194
2199|FORMOSO|2193
2200|CECILIA|2191
2201|LIZARRAGA|2191
2202|FIERRO|2189
2203|LAPEÑA|2189
2204|AGIRRE|2188
2205|DE ARRIBA|2187
2206|PEÑAFIEL|2186
2207|MECA|2182
2208|ZUBIZARRETA|2180
2209|GUELL|2178
2210|MOURIÑO|2177
2211|SOLLA|2176
2212|ATENCIA|2176
2213|SAN SEGUNDO|2175
2214|GRAGERA|2174
2215|ION|2174
2216|CAICEDO|2172
2217|DE LUIS|2172
2218|MEZA|2170
2219|TRAPERO|2167
2220|FAUS|2167
2221|BALSERA|2166
2222|NAJERA|2163
2223|YEBRA|2162
2224|MEROÑO|2161
2225|SAYAGO|2160
2226|MOREJON|2156
2227|PALOMERO|2155
2228|YU|2155
2229|MONTERDE|2154
2230|ALBIOL|2154
2231|CABANAS|2152
2232|BROWN|2152
2233|CORES|2150
2234|FIGUEIRAS|2149
2235|POVEDANO|2147
2236|FIOL|2146
2237|FORT|2145
2238|ROUCO|2142
2239|SELVA|2141
2240|BARRO|2141
2241|TARRAGA|2141
2242|ARRIOLA|2138
2243|MAGDALENA|2135
2244|YESTE|2135
2245|PAZO|2133
2246|ARMADA|2132
2247|BOTANA|2129
2248|SUBIRATS|2129
2249|ALBERCA|2127
2250|ARDILA|2126
2251|RENEDO|2126
2252|FAYOS|2124
2253|REGIDOR|2124
2254|NAYA|2124
2255|GAYOSO|2124
2256|VINAGRE|2122
2257|FORTEA|2122
2258|FORNER|2121
2259|SANDU|2121
2260|APARISI|2119
2261|MONASTERIO|2117
2262|PRECIADO|2114
2263|DOS ANJOS|2114
2264|BIOSCA|2113
2265|AVELLANEDA|2112
2266|BALBUENA|2112
2267|MEDEROS|2110
2268|GARRE|2109
2269|THOMAS|2109
2270|SOLDEVILA|2108
2271|TUDOR|2108
2272|EXTREMERA|2106
2273|PIQUE|2105
2274|LEZCANO|2105
2275|MULLER|2104
2276|ZURDO|2103
2277|HENAO|2101
2278|BASCUÑANA|2100
2279|MARUGAN|2099
2280|PUJADAS|2096
2281|MUELAS|2095
2282|PORCAR|2094
2283|CINTAS|2093
2284|TOMA|2093
2285|CARRIO|2091
2286|ABAL|2091
2287|HEREDERO|2091
2288|VIÑALS|2088
2289|PENAS|2087
2290|DE PABLOS|2087
2291|ORIA|2086
2292|VAQUERIZO|2085
2293|TAYLOR|2085
2294|LEO|2083
2295|OLANO|2082
2296|BRAGADO|2082
2297|DE GRACIA|2081
2298|BETANCORT|2081
2299|MONTEIRO|2081
2300|SOW|2081
2301|PETROV|2080
2302|VALLINA|2079
2303|ESCANDELL|2079
2304|FUMERO|2079
2305|ARTACHO|2077
2306|DOÑA|2072
2307|ESCODA|2072
2308|ALIAS|2069
2309|BUIL|2067
2310|CARBAJAL|2066
2311|MINGO|2065
2312|MANEIRO|2062
2313|PAIS|2062
2314|CABEZUELO|2060
2315|LORES|2057
2316|FARRES|2057
2317|PANDO|2056
2318|BRUNET|2056
2319|ALTAMIRANO|2055
2320|TARAZONA|2053
2321|SOCORRO|2052
2322|PEDRO|2051
2323|ESQUIVEL|2048
2324|DIARRA|2046
2325|CHAVARRIA|2045
2326|CAPELLA|2044
2327|REVERT|2044
2328|VILLARES|2043
2329|BOSQUE|2043
2330|FERRERES|2042
2331|BENLLOCH|2041
2332|LLANES|2039
2333|RIGO|2039
2334|SANTANO|2038
2335|COSANO|2036
2336|EL IDRISSI|2036
2337|ESPADAS|2035
2338|ALMELA|2033
2339|BEATO|2031
2340|MUNTEANU|2030
2341|CORZO|2029
2342|PENALVA|2029
2343|CEJAS|2028
2344|DE LA MATA|2028
2345|VELILLA|2027
2346|SOLANAS|2026
2347|BALLESTERO|2025
2348|GUO|2022
2349|TABERNERO|2021
2350|ALGARRA|2019
2351|CORREIA|2019
2352|ALBERTO|2018
2353|FIGUEROLA|2016
2354|CABERO|2015
2355|COLOMINA|2013
2356|DE VICENTE|2013
2357|TEJERINA|2012
2358|MONCHO|2010
2359|VALIÑO|2009
2360|PUCHADES|2008
2361|TELLERIA|2007
2362|VALIDO|2007
2363|LOZA|2007
2364|CARTAGENA|2006
2365|ROGER|2005
2366|CEVALLOS|2003
2367|LENDINEZ|2003
2368|CABEZON|2002
2369|RONDA|2000
2370|MASCARELL|1997
2371|GOYA|1997
2372|MONTON|1995
2373|QUIROZ|1994
2374|CAÑAMERO|1994
2375|BARREIRA|1994
2376|BAH|1991
2377|TROYANO|1990
2378|FERRAN|1990
2379|MASO|1990
2380|RIESGO|1990
2381|CIFRE|1986
2382|BAÑULS|1985
2383|CABAÑERO|1984
2384|NEGRO|1982
2385|BELLOSO|1981
2386|BURGUEÑO|1981
2387|MACARRO|1980
2388|AHMAD|1979
2389|IMAZ|1978
2390|RUIPEREZ|1977
2391|VIEITES|1977
2392|GERMAN|1976
2393|CLARAMUNT|1975
2394|LUCIO|1974
2395|HERRAN|1973
2396|FABIAN|1973
2397|REGUERO|1973
2398|BARREDO|1973
2399|PUJANTE|1972
2400|VERDAGUER|1971
2401|CALONGE|1969
2402|LANGA|1968
2403|VILASECA|1967
2404|LUCERO|1967
2405|PETROVA|1967
2406|URANGA|1966
2407|VILLARRUBIA|1965
2408|INGLES|1964
2409|SIGUENZA|1964
2410|VAÑO|1963
2411|CARVALHO|1962
2412|CRISTEA|1962
2413|PINILLOS|1961
2414|PEON|1960
2415|DE SOUZA|1959
2416|RANDO|1959
2417|SERVERA|1959
2418|GONZALVO|1958
2419|LINDE|1958
2420|GUINEA|1958
2421|MANZANERA|1957
2422|CISSE|1956
2423|ORIVE|1955
2424|BRAÑA|1955
2425|ESCAMEZ|1952
2426|COLOME|1952
2427|STANCIU|1952
2428|YANEZ|1951
2429|CALLES|1947
2430|ENCISO|1946
2431|BAÑO|1945
2432|DOPAZO|1945
2433|COLON|1945
2434|LAMELA|1944
2435|ABDESELAM|1944
2436|SUEIRO|1942
2437|HUARTE|1940
2438|COBAS|1939
2439|CARRAL|1938
2440|PEDROS|1938
2441|PEÑATE|1938
2442|ANDUEZA|1937
2443|CANTALEJO|1936
2444|MANCHA|1933
2445|HENARES|1933
2446|CUMPLIDO|1932
2447|MUIÑOS|1931
2448|DOCAMPO|1930
2449|DE LA RUBIA|1930
2450|BARBEITO|1929
2451|SOJO|1925
2452|SOTOMAYOR|1924
2453|MANERO|1922
2454|ROY|1922
2455|ESPAÑOL|1922
2456|CALVILLO|1922
2457|AGRA|1921
2458|MANCHEÑO|1920
2459|ANTA|1920
2460|ADAM|1920
2461|LIDON|1918
2462|YUBERO|1917
2463|PARAMO|1917
2464|PIÑON|1917
2465|VAREA|1917
2466|FORCADA|1916
2467|REPISO|1915
2468|ARGUDO|1915
2469|BAYARRI|1914
2470|HAMED|1913
2471|ESLAVA|1911
2472|ZAPATER|1911
2473|TORNE|1909
2474|SAIDI|1909
2475|MENDIOLA|1908
2476|MENCIA|1908
2477|CALIN|1908
2478|BORT|1906
2479|QUIJANO|1903
2480|FONTANET|1903
2481|BADIOLA|1903
2482|QUEZADA|1902
2483|GRIMA|1901
2484|BENGOA|1900
2485|MAILLO|1900
2486|GUIU|1899
2487|GRANJA|1899
2488|VARGA|1899
2489|PAMPIN|1898
2490|MOMPO|1898
2491|RUPEREZ|1897
2492|CREUS|1897
2493|DE TORRES|1895
2494|LUPU|1894
2495|CARRATALA|1892
2496|FERRON|1889
2497|CORROCHANO|1888
2498|MASSO|1887
2499|EL MOUSSAOUI|1887
2500|VILELLA|1880
2501|LAO|1879
2502|GARDE|1879
2503|PATO|1878
2504|LOJO|1878
2505|FOLGADO|1876
2506|PALOU|1876
2507|TAPIAS|1875
2508|LACRUZ|1875
2509|POMAR|1875
2510|RAMALLO|1875
2511|DINU|1875
2512|CARCELLER|1872
2513|MOÑINO|1872
2514|CELADA|1872
2515|MURCIANO|1872
2516|MARIMON|1871
2517|PIÑERA|1868
2518|BARRANTES|1865
2519|CORTEZ|1864
2520|BOLADO|1863
2521|LACASA|1862
2522|MARCHAL|1861
2523|PARGA|1861
2524|FIGUEREDO|1861
2525|DACOSTA|1859
2526|BALCELLS|1858
2527|NOVELLA|1857
2528|ALEJANDRO|1857
2529|LAZCANO|1856
2530|MUSTAFA|1856
2531|VALDERAS|1854
2532|LIZANA|1853
2533|ANDREI|1852
2534|DEL ARCO|1850
2535|CONSUEGRA|1848
2536|SALHI|1848
2537|NACHER|1847
2538|CASTRILLON|1846
2539|CELAYA|1846
2540|BASTOS|1845
2541|IRIONDO|1845
2542|BEITIA|1845
2543|SUÑE|1843
2544|PEREGRINA|1843
2545|ABDELKADER|1843
2546|VIÑUELA|1841
2547|EL AMRANI|1841
2548|DE BENITO|1840
2549|HORMIGO|1839
2550|ESTELLES|1835
2551|MELIA|1833
2552|ZHAO|1833
2553|VIGARA|1831
2554|MERCADAL|1826
2555|NEGRETE|1826
2556|ARRIAZA|1825
2557|LUPIAÑEZ|1825
2558|RAVENTOS|1825
2559|MAZO|1823
2560|SABIO|1822
2561|FERRIZ|1821
2562|RAGA|1821
2563|SINTES|1821
2564|ESPIGARES|1820
2565|DE TORO|1820
2566|CADENA|1819
2567|GOZALO|1819
2568|POZAS|1819
2569|MONFORTE|1818
2570|ALBACETE|1817
2571|CABRE|1817
2572|POYATO|1814
2573|MEZQUITA|1810
2574|ITURRALDE|1810
2575|GASTON|1809
2576|POCH|1808
2577|BA|1808
2578|SUÑER|1807
2579|VELOSO|1807
2580|CEREZUELA|1807
2581|JORQUERA|1804
2582|CLARES|1803
2583|CAZALLA|1802
2584|AMAR|1801
2585|NIEVA|1801
2586|DE MINGO|1801
2587|DELICADO|1800
2588|CIVERA|1797
2589|JANE|1797
2590|GONÇALVES|1795
2591|ROSIQUE|1794
2592|FLORIT|1792
2593|MONLEON|1792
2594|LEE|1792
2595|MANZANERO|1790
2596|PLAZAS|1790
2597|EGAÑA|1789
2598|ISIDRO|1789
2599|ABUIN|1787
2600|MADRAZO|1786
2601|CULEBRAS|1786
2602|NIANG|1786
2603|MASIA|1785
2604|NEAGU|1784
2605|RABANAL|1782
2606|COTS|1781
2607|COLINO|1781
2608|SARR|1780
2609|CARLOS|1779
2610|PIRIZ|1778
2611|BEA|1778
2612|RENTERO|1776
2613|BARNES|1776
2614|NOVA|1775
2615|GARAU|1773
2616|ALAMINOS|1773
2617|BLAY|1773
2618|ESPINAL|1772
2619|QUIÑONERO|1772
2620|OCON|1772
2621|FEMENIA|1771
2622|CENTELLES|1771
2623|HOYO|1770
2624|TARRES|1769
2625|TARRAGO|1768
2626|CARBALLIDO|1767
2627|TUBIO|1767
2628|MURGA|1767
2629|BENGOECHEA|1766
2630|HONRUBIA|1763
2631|GAÑAN|1762
2632|JERONIMO|1762
2633|TALENS|1762
2634|DRAGOMIR|1762
2635|MOLINO|1760
2636|RODES|1759
2637|RULL|1758
2638|RECASENS|1758
2639|MORAIS|1757
2640|CASAÑAS|1756
2641|CALA|1755
2642|REMON|1755
2643|TUÑON|1755
2644|ALES|1755
2645|BALADO|1755
2646|JOHNSON|1755
2647|URDIALES|1753
2648|VILLAMOR|1751
2649|SORRIBES|1751
2650|SOCAS|1750
2651|IONESCU|1750
2652|IONITA|1750
2653|ANGHEL|1748
2654|LUZON|1747
2655|MIRET|1747
2656|PORTAS|1743
2657|BORDON|1743
2658|TRAVER|1743
2659|SENA|1741
2660|RIU|1739
2661|LOAIZA|1739
2662|VALOR|1738
2663|VILLAGRASA|1737
2664|GANCEDO|1737
2665|TRIAS|1737
2666|CAMUÑAS|1736
2667|GATO|1736
2668|ASTUDILLO|1736
2669|VALLEJOS|1735
2670|BENEITEZ|1735
2671|MONTOLIU|1734
2672|IRIBARREN|1733
2673|LERA|1733
2674|MALLEN|1733
2675|CABALLE|1733
2676|FUSTE|1732
2677|KUMAR|1732
2678|TASCON|1731
2679|SERANTES|1728
2680|BENALI|1727
2681|PESCADOR|1726
2682|ORENES|1725
2683|MUNAR|1724
2684|TORT|1724
2685|MORUNO|1723
2686|MOSTEIRO|1723
2687|VILLARINO|1723
2688|ESPIÑEIRA|1722
2689|CLAVER|1721
2690|CORUJO|1721
2691|DEL PRADO|1720
2692|ACHA|1720
2693|CARRIZO|1720
2694|TANASE|1720
2695|CIDONCHA|1719
2696|URQUIJO|1717
2697|DE SANTOS|1717
2698|UNGUREANU|1713
2699|ORTOLA|1712
2700|FONS|1711
2701|CADIZ|1710
2702|GAYO|1710
2703|LARRINAGA|1710
2704|TERRONES|1709
2705|ESTUPIÑAN|1709
2706|PRIMO|1709
2707|DE LA MORENA|1709
2708|CASO|1708
2709|JUSTE|1708
2710|DAMIAN|1708
2711|VELO|1707
2712|CASTIÑEIRAS|1707
2713|BORRAJO|1707
2714|RASCON|1707
2715|HE|1707
2716|CALVETE|1706
2717|CABA|1705
2718|LIÑARES|1704
2719|BERENGUEL|1704
2720|PEGUERO|1704
2721|PREDA|1704
2722|BLEDA|1703
2723|ROSSI|1703
2724|CORCHADO|1702
2725|LAZO|1702
2726|JUNCAL|1701
2727|SALINERO|1701
2728|FIGUEIRA|1701
2729|MUDARRA|1701
2730|SUBIRANA|1700
2731|FENOLL|1697
2732|APARICI|1697
2733|OGANDO|1696
2734|DE SANTIAGO|1695
2735|BALAN|1695
2736|YEBENES|1694
2737|SOCIAS|1694
2738|BARRIUSO|1693
2739|CARDO|1692
2740|ORTEGO|1692
2741|CELIS|1692
2742|OLAIZOLA|1692
2743|CERVERO|1691
2744|AZCARATE|1690
2745|CARBALLEIRA|1690
2746|HORRILLO|1689
2747|RECALDE|1688
2748|IVORRA|1688
2749|GUIJO|1687
2750|ROBAINA|1687
2751|SOBRADO|1687
2752|CESAR|1686
2753|CANELA|1685
2754|COMAN|1684
2755|RAJA|1683
2756|LLOMPART|1683
2757|ABAJO|1682
2758|MOLDES|1681
2759|CUERVA|1680
2760|OÑA|1678
2761|CASQUERO|1678
2762|BALSALOBRE|1678
2763|GOMAR|1678
2764|VAQUER|1677
2765|MOREY|1676
2766|DOÑATE|1674
2767|LODEIRO|1674
2768|PREGO|1673
2769|JUSTINIANO|1669
2770|ARGENTE|1669
2771|MOROCHO|1668
2772|CORCUERA|1668
2773|PALOP|1667
2774|PORTOLES|1667
2775|TAMARGO|1665
2776|MEGIA|1665
2777|QUINTANS|1663
2778|NISTAL|1663
2779|BARBU|1663
2780|SAN PEDRO|1662
2781|BEDMAR|1662
2782|ANGLES|1659
2783|PORTALES|1659
2784|ARA|1658
2785|PASTORIZA|1657
2786|MARSAL|1657
2787|MANTECON|1656
2788|EIZAGUIRRE|1656
2789|SENRA|1654
2790|LAGOS|1654
2791|ZHAN|1654
2792|BANDERA|1653
2793|RUIBAL|1653
2794|PLANELLES|1653
2795|NAVEIRA|1653
2796|VILLAFRANCA|1651
2797|OSA|1650
2798|CARCELEN|1650
2799|ZABALZA|1650
2800|LUNGU|1650
2801|ALAVA|1649
2802|CASTELLVI|1649
2803|ESTUDILLO|1648
2804|MADERO|1647
2805|TORREBLANCA|1646
2806|MORETA|1646
2807|ASIN|1645
2808|AUÑON|1644
2809|LAPUENTE|1644
2810|TEIXIDOR|1640
2811|CERVILLA|1640
2812|GALMES|1640
2813|CRACIUN|1640
2814|CARLES|1639
2815|MEJUTO|1639
2816|MUNTEAN|1639
2817|ESCRIBA|1638
2818|ORDAS|1638
2819|GILI|1638
2820|OJEA|1637
2821|LARIO|1636
2822|OLVERA|1635
2823|RIBOT|1634
2824|DE LA RIVA|1633
2825|HERCE|1632
2826|MARZAL|1632
2827|VELIZ|1632
2828|SARDA|1631
2829|LADO|1630
2830|PERAZA|1630
2831|CARDOZO|1630
2832|MADERA|1629
2833|PECO|1629
2834|TAHIRI|1629
2835|FONTENLA|1627
2836|TARDIO|1626
2837|MOSCARDO|1626
2838|ORIOL|1626
2839|MASEDA|1625
2840|GARIN|1625
2841|CASCO|1624
2842|ORDUÑA|1624
2843|SIMBAÑA|1623
2844|SEGADO|1623
2845|PERDIGUERO|1622
2846|VITORIA|1622
2847|AYMERICH|1620
2848|PETIT|1618
2849|REBOREDO|1616
2850|FILIP|1616
2851|SARASOLA|1615
2852|FEBRER|1615
2853|FELIP|1615
2854|BRICEÑO|1613
2855|MORRO|1611
2856|LUACES|1611
2857|MENDO|1610
2858|CELMA|1610
2859|SELMA|1609
2860|OCHANDO|1609
2861|FURIO|1608
2862|MINAYA|1607
2863|SAN MILLAN|1607
2864|LLINAS|1606
2865|TEMPRANO|1604
2866|CARBONERO|1603
2867|CARAMES|1603
2868|ALBERTOS|1602
2869|MANTILLA|1602
2870|BANEGAS|1601
2871|MESQUIDA|1600
2872|SERRADILLA|1600
2873|SERROUKH|1599
2874|ENCARNACION|1598
2875|PARRONDO|1598
2876|FULLANA|1598
2877|RIPOLLES|1596
2878|LLULL|1596
2879|RUBI|1596
2880|BERZAL|1594
2881|VILLACORTA|1593
2882|WILSON|1593
2883|MURIAS|1591
2884|VALERIO|1591
2885|CELA|1590
2886|SOTOS|1588
2887|MOLINOS|1588
2888|CUSTODIO|1586
2889|BARCALA|1586
2890|TOBAR|1585
2891|MARRON|1583
2892|ABENZA|1582
2893|ARRUTI|1580
2894|JESUS|1580
2895|CAMBRONERO|1579
2896|HERNAIZ|1578
2897|HIGUERO|1577
2898|ANGUERA|1577
2899|PISA|1576
2900|MONTEJANO|1576
2901|BUGALLO|1576
2902|ANDRADA|1575
2903|CASAMAYOR|1574
2904|FENOY|1573
2905|RISUEÑO|1573
2906|VLAD|1573
2907|CARNEIRO|1572
2908|SIGNES|1571
2909|FRAU|1570
2910|SORDO|1570
2911|COLLADOS|1569
2912|REYERO|1569
2913|PARICIO|1568
2914|MAGALLON|1568
2915|CARPENA|1567
2916|FELICES|1567
2917|BARRA|1566
2918|BASCON|1566
2919|CALATRAVA|1563
2920|BETANCOURT|1562
2921|ESCALADA|1562
2922|DE LA FLOR|1562
2923|CARIDE|1562
2924|CEDRES|1560
2925|MARGALEF|1560
2926|BARRY|1560
2927|IORDACHE|1559
2928|FAURA|1558
2929|GALVE|1557
2930|CHIVA|1557
2931|TARIFA|1555
2932|CERRADA|1555
2933|FARIAS|1554
2934|PLIEGO|1554
2935|FEBLES|1553
2936|PASCUA|1553
2937|SANTA CRUZ|1552
2938|ROZALEN|1551
2939|RENGEL|1550
2940|FOFANA|1550
2941|MARICHAL|1548
2942|GUARDADO|1548
2943|FERRAGUT|1548
2944|BAIXAULI|1548
2945|SERENA|1548
2946|DRAGAN|1547
2947|ALLUE|1546
2948|JORNET|1546
2949|NUNES|1545
2950|PAUL|1545
2951|SESE|1543
2952|NAVIO|1543
2953|BENEDI|1542
2954|BUJALANCE|1541
2955|OLCINA|1541
2956|ALCOVER|1541
2957|ZARZUELA|1540
2958|PERIAÑEZ|1539
2959|ROSENDO|1539
2960|TOURAY|1539
2961|PINOS|1538
2962|GARNICA|1538
2963|BALSA|1537
2964|BADEA|1537
2965|SOLAR|1536
2966|BACA|1535
2967|TEJADO|1535
2968|COLOMO|1535
2969|HASSAN|1535
2970|ARENAL|1533
2971|INSA|1532
2972|ESCRICHE|1530
2973|SOLAZ|1529
2974|PUCHOL|1529
2975|CUBELLS|1528
2976|SOLDADO|1527
2977|COMPTE|1527
2978|ZUBILLAGA|1526
2979|MELGUIZO|1525
2980|ORMAZABAL|1524
2981|VILLORIA|1524
2982|PALOS|1522
2983|ARMARIO|1521
2984|ESCUDER|1520
2985|CIRERA|1520
2986|ALEJOS|1519
2987|LANZAS|1519
2988|ALBALAT|1519
2989|ECHARRI|1518
2990|TIZON|1518
2991|SOLANS|1518
2992|SANCHA|1517
2993|POLONIO|1517
2994|TARANCON|1517
2995|VALLADOLID|1516
2996|BARQUILLA|1516
2997|NEBREDA|1514
2998|NOVAL|1514
2999|RICHART|1514
3000|BARONA|1514
3001|TORRA|1514
3002|SAFONT|1513
3003|BERRUEZO|1513
3004|PANCORBO|1512
3005|CAPOTE|1511
3006|ELORRIAGA|1511
3007|LOMBARDO|1511
3008|OSTOS|1510
3009|BARRASA|1510
3010|COLINA|1507
3011|CLADERA|1506
3012|CATALINA|1506
3013|HERNAEZ|1506
3014|LLOPART|1506
3015|VERCHER|1505
3016|CAMPANARIO|1505
3017|SIXTO|1505
3018|MOCANU|1505
3019|ESCARTIN|1504
3020|TOURE|1504
3021|LOOR|1503
3022|MONDRAGON|1503
3023|NAVAL|1503
3024|ABBAS|1503
3025|BUTRON|1502
3026|FREITAS|1502
3027|LAVILLA|1501
3028|BOTELLO|1500
3029|ZORNOZA|1500
3030|CHOQUE|1500
3031|DOBRE|1500
3032|ROMAY|1499
3033|COMES|1499
3034|PARRON|1498
3035|FANJUL|1498
3036|LOURIDO|1497
3037|CABOT|1497
3038|ESCOLA|1496
3039|SAZ|1496
3040|COMELLAS|1495
3041|SUTIL|1494
3042|LASSO|1494
3043|VISO|1493
3044|SETIEN|1493
3045|CRESPILLO|1492
3046|LLARENA|1492
3047|BASANTA|1492
3048|PEREYRA|1491
3049|MESONERO|1490
3050|PEDRAJAS|1490
3051|CREGO|1490
3052|IGNACIO|1488
3053|BLANQUEZ|1488
3054|GUADALUPE|1488
3055|CANEDO|1487
3056|ARTAL|1487
3057|BURON|1487
3058|NARBONA|1487
3059|PINEL|1487
3060|CERVIÑO|1486
3061|IRAOLA|1485
3062|CABREJAS|1485
3063|MUNERA|1485
3064|BRETON|1485
3065|MENDIA|1484
3066|ALFEREZ|1484
3067|SANTISO|1484
3068|QUETGLAS|1483
3069|HERMOSA|1483
3070|MILIAN|1483
3071|BODAS|1481
3072|CALO|1480
3073|CORDOBES|1480
3074|VARON|1480
3075|VALES|1480
3076|BALBAS|1480
3077|OYARZABAL|1479
3078|ARTES|1478
3079|UCLES|1477
3080|BARRON|1477
3081|PENADES|1476
3082|CORDEIRO|1476
3083|ELIZONDO|1475
3084|EGUIA|1475
3085|CURRAS|1475
3086|BIBILONI|1473
3087|ARBOLEDA|1472
3088|ROBERT|1472
3089|FORTEZA|1472
3090|VILLODRES|1471
3091|CANTALAPIEDRA|1471
3092|REUS|1471
3093|CARDENAL|1470
3094|ILLANA|1468
3095|AIBAR|1468
3096|ISASI|1468
3097|IVAN|1468
3098|MONFERRER|1467
3099|PELLEJERO|1467
3100|CASAIS|1466
3101|BARANDIARAN|1466
3102|ARMIJOS|1465
3103|MEANA|1465
3104|SOTILLO|1463
3105|NODA|1463
3106|RISQUEZ|1462
3107|PULGAR|1462
3108|SAGREDO|1462
3109|LORO|1461
3110|SILVEIRA|1461
3111|TELLECHEA|1460
3112|REDON|1460
3113|COSTALES|1459
3114|AGUT|1459
3115|TALLON|1459
3116|TABERNER|1458
3117|ABELLO|1458
3118|COUCEIRO|1457
3119|LLERENA|1455
3120|COVES|1454
3121|VALL|1452
3122|DE ANTONIO|1452
3123|MANZANEQUE|1451
3124|IRASTORZA|1451
3125|RUEDAS|1450
3126|COTELO|1450
3127|CEGARRA|1450
3128|MOR|1449
3129|TOUS|1449
3130|ORTIZ DE ZARATE|1447
3131|CEPERO|1446
3132|ARRUFAT|1446
3133|MIELGO|1445
3134|BRUN|1445
3135|PEDREGOSA|1445
3136|CERNADAS|1444
3137|FORTE|1443
3138|PAVIA|1443
3139|ALBERTI|1442
3140|DE LA HERA|1441
3141|AHUMADA|1441
3142|RAFAEL|1440
3143|BISBAL|1439
3144|HERRERIAS|1439
3145|CARBALLAL|1438
3146|LEMUS|1438
3147|BARCENILLA|1438
3148|VILLAMAYOR|1438
3149|ALZATE|1437
3150|MONTOLIO|1437
3151|PACHO|1437
3152|OUBIÑA|1436
3153|SANTACREU|1436
3154|ENACHE|1435
3155|GISPERT|1433
3156|MOREDA|1433
3157|CARCEL|1432
3158|MORIANA|1432
3159|DEL SAZ|1432
3160|DAMAS|1432
3161|MORIN|1431
3162|FRAGOSO|1431
3163|BENNASAR|1429
3164|LEIS|1429
3165|GALEOTE|1429
3166|MURUA|1429
3167|GUILLERMO|1428
3168|JAVIER|1428
3169|BAO|1428
3170|BOLAÑO|1426
3171|VALLECILLO|1424
3172|ROSERO|1424
3173|USERO|1422
3174|ROTGER|1421
3175|UMPIERREZ|1421
3176|ARANEGA|1421
3177|CEBOLLA|1421
3178|TEVAR|1421
3179|VIEITEZ|1420
3180|SANTAMARINA|1420
3181|ALMARCHA|1419
3182|MAYANS|1418
3183|CAMPRUBI|1417
3184|MERAYO|1417
3185|LLANEZA|1417
3186|COJOCARU|1417
3187|TURON|1416
3188|ESCAÑO|1416
3189|BALAGUE|1416
3190|PROL|1416
3191|RONDON|1415
3192|MELLA|1415
3193|HERMO|1414
3194|BADILLO|1414
3195|BEDIA|1414
3196|ROBLEDILLO|1414
3197|PALOMEQUE|1413
3198|MELON|1413
3199|ALBIÑANA|1412
3200|BRETONES|1412
3201|BEN|1412
3202|PORRES|1411
3203|ONIEVA|1411
3204|PEÑARRUBIA|1411
3205|PUERTOLAS|1410
3206|BESADA|1410
3207|DE LA CASA|1409
3208|SANTA|1409
3209|AKHTAR|1409
3210|GRIGORE|1409
3211|GURREA|1408
3212|MARCHAN|1408
3213|URETA|1408
3214|APONTE|1407
3215|FEREZ|1407
3216|CASTAÑER|1406
3217|TOCINO|1406
3218|ALGAR|1406
3219|CONCHA|1405
3220|CASCON|1405
3221|RIVILLA|1405
3222|CORELLA|1404
3223|DAVIES|1404
3224|GABARRON|1403
3225|HORCAJO|1403
3226|CARNICER|1403
3227|ARGIBAY|1402
3228|LUDEÑA|1401
3229|PAYO|1401
3230|LOBERA|1399
3231|PECES|1398
3232|DARRIBA|1398
3233|MUT|1398
3234|ARTECHE|1397
3235|VILLATORO|1397
3236|MUNARRIZ|1396
3237|LLAURADO|1396
3238|LANCHO|1395
3239|NEGRE|1395
3240|ALEIXANDRE|1395
3241|CABALLER|1395
3242|BAILEN|1392
3243|LU|1392
3244|CARNERERO|1391
3245|HRISTOVA|1391
3246|ZUBELDIA|1390
3247|MANTECA|1390
3248|ALMENDRO|1390
3249|MARCILLA|1390
3250|BERNARDINO|1389
3251|MILLET|1388
3252|BADENES|1387
3253|PARDAL|1386
3254|COSTEA|1386
3255|LUCA|1386
3256|CANTERA|1385
3257|JUNCO|1384
3258|BETETA|1383
3259|CARDENES|1383
3260|CARRALERO|1383
3261|STOIAN|1382
3262|MACEIRAS|1380
3263|IZA|1380
3264|HRISTOV|1380
3265|JACOME|1378
3266|BOSCA|1378
3267|ENE|1377
3268|CHAVERO|1376
3269|SANSANO|1376
3270|TODOROV|1376
3271|CHICANO|1375
3272|GUALDA|1375
3273|ALHAMBRA|1375
3274|ARBONA|1374
3275|SANTOME|1374
3276|AMEZCUA|1373
3277|VIUDEZ|1372
3278|SANTONJA|1372
3279|JARILLO|1371
3280|FREIXAS|1371
3281|FRAGUAS|1371
3282|BUCETA|1370
3283|TINEO|1370
3284|DIOUF|1370
3285|CAMPANO|1369
3286|PINAZO|1369
3287|ALBURQUERQUE|1368
3288|SIVERIO|1367
3289|GRUESO|1367
3290|CAL|1367
3291|YAGO|1367
3292|TODOROVA|1367
3293|CASASOLA|1366
3294|POUS|1366
3295|RIESTRA|1366
3296|MAHMOOD|1365
3297|URBAN|1364
3298|GUIMERA|1362
3299|ALCOBA|1362
3300|DESCALZO|1361
3301|ALMIÑANA|1361
3302|SANTANDREU|1361
3303|CATENA|1361
3304|TORNER|1361
3305|MIGUENS|1360
3306|DE ARMAS|1359
3307|PAU|1359
3308|MASDEU|1358
3309|FORNOS|1358
3310|ESNAOLA|1357
3311|LEIRA|1356
3312|SANCHIZ|1356
3313|LUCIA|1355
3314|BARRANQUERO|1355
3315|VOICU|1355
3316|PANIZO|1354
3317|YANGUAS|1354
3318|CABEZUDO|1353
3319|TERRERO|1353
3320|CHILLON|1353
3321|MONCLUS|1353
3322|DAHMANI|1353
3323|NICOLAE|1353
3324|CIRIA|1352
3325|PALANCA|1352
3326|CASTEL|1351
3327|MONTAGUT|1348
3328|COLADO|1347
3329|ZALDIVAR|1347
3330|FONTECHA|1347
3331|CAMBA|1346
3332|RESINA|1345
3333|CHIMENO|1345
3334|AJA|1344
3335|PENEDO|1344
3336|COLOMAR|1344
3337|MADROÑAL|1344
3338|TARRIO|1344
3339|EGUREN|1343
3340|EUGENIO|1342
3341|LADRON DE GUEVARA|1342
3342|DEL FRESNO|1342
3343|NOMBELA|1342
3344|ALDAMA|1342
3345|IGLESIA|1341
3346|MARAVER|1341
3347|TREVIÑO|1340
3348|TRISTAN|1340
3349|BORDAS|1340
3350|RADA|1340
3351|CISCAR|1339
3352|CHICOTE|1338
3353|MONLLOR|1337
3354|ARROCHA|1336
3355|FARFAN|1336
3356|MERCADE|1336
3357|BONNIN|1336
3358|GIRO|1336
3359|BOLEA|1336
3360|TADEO|1335
3361|HORCAJADA|1335
3362|BASTANTE|1335
3363|BARJA|1335
3364|CAÑAVERAS|1335
3365|VENTOSA|1334
3366|ROLLAN|1334
3367|VILARDELL|1334
3368|BAHAMONDE|1333
3369|ZIANI|1333
3370|GOITIA|1332
3371|VILARO|1332
3372|BASTIDAS|1331
3373|HERRADA|1331
3374|CARMENA|1331
3375|HOMS|1331
3376|VALDIVIELSO|1331
3377|USON|1330
3378|PETRE|1330
3379|VASILEV|1329
3380|PAUN|1328
3381|SANTALLA|1327
3382|COBACHO|1327
3383|ZULUAGA|1327
3384|CAMPAYO|1327
3385|CUERDA|1327
3386|SIDIBE|1327
3387|REBOLLEDO|1326
3388|BARRENO|1326
3389|GALIAN|1326
3390|STANCU|1326
3391|DONG|1325
3392|ARAUZ|1324
3393|ZAMUDIO|1324
3394|PICADO|1322
3395|OLARTE|1322
3396|SCHMIDT|1322
3397|BARANDA|1321
3398|RESA|1320
3399|EGUILUZ|1319
3400|UNANUE|1319
3401|CANCIO|1319
3402|LAGUNAS|1319
3403|AYORA|1318
3404|DE GREGORIO|1318
3405|LOMBA|1317
3406|ALFAGEME|1317
3407|CAMPELLO|1316
3408|RIEGO|1316
3409|ESTELLER|1315
3410|ARAN|1315
3411|PULGARIN|1314
3412|RUBIRA|1313
3413|ISABEL|1313
3414|SAN VICENTE|1312
3415|SILLAH|1312
3416|AZURMENDI|1311
3417|VIQUEIRA|1311
3418|LESTON|1310
3419|MULLOR|1310
3420|VALCARCE|1310
3421|RACERO|1309
3422|LERIDA|1309
3423|NEILA|1309
3424|CASANUEVA|1309
3425|SAN NICOLAS|1309
3426|PIÑAR|1309
3427|SECK|1309
3428|FORNIELES|1308
3429|OBRADOR|1308
3430|ABALOS|1308
3431|EL HARRAK|1308
3432|MASEGOSA|1307
3433|GUIL|1307
3434|TRAVIESO|1306
3435|SERRET|1306
3436|CABANA|1305
3437|CIVICO|1305
3438|CANDELAS|1304
3439|VASILEVA|1303
3440|PATRICIO|1302
3441|DAOUDI|1302
3442|IMBERNON|1300
3443|SARASA|1300
3444|AZPIAZU|1299
3445|SANTILLAN|1299
3446|FERRIS|1299
3447|HORTAL|1299
3448|MORATILLA|1299
3449|CAMINERO|1299
3450|THOMPSON|1299
3451|DAPENA|1298
3452|MOLAS|1298
3453|REVERTER|1297
3454|RASO|1297
3455|ABALO|1297
3456|NIKOLOV|1297
3457|COS|1295
3458|URBANEJA|1294
3459|MOROS|1294
3460|RASERO|1294
3461|SEGADE|1294
3462|LIAÑO|1294
3463|VERDES|1294
3464|TORRO|1293
3465|LOZOYA|1293
3466|CANCHO|1293
3467|FORERO|1292
3468|IRISARRI|1292
3469|CLARO|1291
3470|RABASCO|1290
3471|LEGAZ|1290
3472|ESPARCIA|1290
3473|GALEA|1290
3474|BESCOS|1289
3475|POSADAS|1289
3476|DE LAMO|1289
3477|MONTE|1288
3478|BONMATI|1288
3479|SARANGO|1287
3480|MODREGO|1287
3481|BAÑUELOS|1287
3482|CAÑERO|1286
3483|CHICAIZA|1286
3484|LIZARRALDE|1285
3485|BLANQUER|1285
3486|DOLS|1284
3487|MARQUINEZ|1284
3488|PARRO|1284
3489|RAMAJO|1283
3490|UROZ|1283
3491|BALTASAR|1282
3492|CALAVIA|1282
3493|NIKOLOVA|1282
3494|MANEA|1282
3495|NITA|1282
3496|RUZAFA|1281
3497|DE CELIS|1281
3498|MARCE|1281
3499|PLATAS|1281
3500|CEDILLO|1280
3501|MAIZ|1280
3502|DEZA|1280
3503|OLIVERO|1280
3504|SIMION|1280
3505|MATURANA|1279
3506|BARRENECHEA|1279
3507|MONTERRUBIO|1279
3508|MARTINO|1279
3509|PAVEL|1279
3510|SOUZA|1278
3511|NISTOR|1278
3512|CASELLES|1277
3513|QUINTO|1276
3514|URBIETA|1276
3515|CORTAZAR|1276
3516|PLANES|1276
3517|TERNERO|1276
3518|CAMIÑA|1275
3519|GUAITA|1275
3520|DE ALBA|1275
3521|BUESO|1274
3522|CAMPOVERDE|1274
3523|BURGUERA|1274
3524|RODILLA|1273
3525|MUJICA|1273
3526|MARTE|1273
3527|FANDOS|1272
3528|ESPESO|1272
3529|DE LA OSA|1272
3530|HORNERO|1271
3531|JORDANA|1271
3532|ALMARAZ|1270
3533|CANDAL|1270
3534|MARES|1270
3535|MBAYE|1270
3536|CALDERA|1269
3537|URQUIZA|1268
3538|BRUNA|1268
3539|OROZ|1268
3540|CORTIZO|1268
3541|CEESAY|1268
3542|IANCU|1268
3543|CRETU|1268
3544|ARZA|1267
3545|SUCIU|1266
3546|CAMPA|1265
3547|VIZOSO|1265
3548|ONTIVEROS|1265
3549|ALQUEZAR|1265
3550|BOO|1264
3551|DE LA LLAVE|1264
3552|GAO|1263
3553|BALDO|1262
3554|BARRULL|1262
3555|FITO|1262
3556|SALVAT|1262
3557|MULAS|1261
3558|FERRADAS|1261
3559|GRIÑAN|1261
3560|SEARA|1260
3561|PINDADO|1259
3562|BALLARIN|1258
3563|EL OUAHABI|1258
3564|BOYERO|1257
3565|REBOLLAR|1256
3566|MARGARIT|1256
3567|BELMAR|1255
3568|DONIZ|1255
3569|HILARIO|1254
3570|ENCABO|1254
3571|ARRIERO|1253
3572|TRIANA|1253
3573|TIMON|1253
3574|PACIOS|1251
3575|PORRO|1251
3576|MERLOS|1251
3577|CANALEJO|1250
3578|GAVALDA|1250
3579|NIEVAS|1250
3580|SAN SEBASTIAN|1249
3581|BARCELONA|1248
3582|AVRAM|1248
3583|VILLASANTE|1247
3584|ANIORTE|1246
3585|OLIVAR|1246
3586|LANA|1246
3587|MELENDO|1246
3588|HELLIN|1245
3589|JANEIRO|1245
3590|POUSA|1244
3591|COSTOYA|1244
3592|BRULL|1244
3593|OLIAS|1244
3594|JIMENA|1244
3595|BOGDAN|1244
3596|GOENAGA|1243
3597|ALACID|1243
3598|SANROMAN|1242
3599|MANTEROLA|1242
3600|LLOBERA|1242
3601|BECERRO|1240
3602|TORRERO|1239
3603|PIZA|1239
3604|ROMAGUERA|1239
3605|CAMERO|1238
3606|AUSIN|1238
3607|CARDIEL|1237
3608|CORTADA|1237
3609|VICH|1237
3610|ALEDO|1236
3611|ANEIROS|1236
3612|CABEDO|1236
3613|BUCUR|1236
3614|VERGEL|1235
3615|SANSO|1235
3616|BELCHI|1235
3617|LISTE|1235
3618|BELLA|1234
3619|SANTAMARTA|1231
3620|HOSSAIN|1231
3621|LEIRO|1229
3622|MENCHON|1229
3623|BOFILL|1229
3624|VILLACAMPA|1228
3625|ASCANIO|1228
3626|ARQUERO|1227
3627|GORRIN|1227
3628|CHUMILLAS|1227
3629|BOULLOSA|1227
3630|ANADON|1227
3631|URRA|1227
3632|ALAPONT|1227
3633|PINZON|1225
3634|CAÑAVATE|1225
3635|MONTANE|1225
3636|YORDANOV|1225
3637|TOCA|1224
3638|CARACUEL|1224
3639|ACEBO|1223
3640|REVENGA|1223
3641|SABARIEGO|1223
3642|ESTEVAN|1222
3643|TOBAJAS|1222
3644|GRELA|1221
3645|SANTOLARIA|1221
3646|PEÑUELA|1220
3647|OREA|1220
3648|MARMOLEJO|1220
3649|VILLADA|1220
3650|PARTIDA|1220
3651|SEQUERA|1219
3652|REIXACH|1219
3653|AMBROSIO|1217
3654|ROSAL|1214
3655|BEAS|1214
3656|ALOY|1213
3657|CARRILERO|1213
3658|RANZ|1212
3659|TERRAZAS|1211
3660|LASERNA|1211
3661|AJENJO|1210
3662|LAIN|1209
3663|MONTESINO|1209
3664|OLIVELLA|1209
3665|BESTARD|1208
3666|GRIMALT|1208
3667|VALLVERDU|1207
3668|BAQUEDANO|1206
3669|SAA|1206
3670|ZABALLOS|1205
3671|ABELLEIRA|1205
3672|SERRATO|1204
3673|ZORITA|1204
3674|BOVER|1204
3675|MONTOTO|1204
3676|NOLASCO|1204
3677|HUIDOBRO|1204
3678|SILVAN|1204
3679|PERA|1203
3680|PEÑALBA|1202
3681|BASTERRA|1202
3682|CASADEVALL|1201
3683|GILA|1200
3684|JOFRE|1200
3685|ALABAU|1199
3686|HERRUZO|1199
3687|CABALLO|1198
3688|FABRE|1198
3689|MEHMOOD|1198
3690|CALDERIN|1197
3691|SARRIO|1197
3692|PEDROCHE|1197
3693|CROS|1196
3694|ARRONDO|1195
3695|SANTILLANA|1194
3696|GENE|1193
3697|CERDEIRA|1193
3698|RELAÑO|1193
3699|PRETEL|1192
3700|OSMA|1192
3701|PUNZANO|1192
3702|GALLASTEGUI|1192
3703|ANGUIANO|1192
3704|ERAZO|1192
3705|ZANON|1191
3706|DE LA CONCEPCION|1191
3707|IPARRAGUIRRE|1191
3708|WHITE|1191
3709|IBARZ|1190
3710|MOLEDO|1190
3711|ALFAYA|1190
3712|CORBELLA|1189
3713|EVANS|1188
3714|ECHANIZ|1187
3715|IBARROLA|1187
3716|MONEO|1187
3717|MAHIQUES|1187
3718|CARCEDO|1187
3719|HAJJI|1187
3720|GARI|1186
3721|TEBA|1186
3722|TORIJA|1185
3723|TITOS|1185
3724|JOYA|1184
3725|RIBELLES|1184
3726|TOAPANTA|1184
3727|MAÑE|1184
3728|ASUNCION|1183
3729|CORTIÑAS|1183
3730|GUERREIRO|1182
3731|ROSU|1182
3732|ZUAZO|1181
3733|PUYOL|1181
3734|PERICAS|1180
3735|MORANO|1180
3736|JULVE|1179
3737|DANIEL|1179
3738|QUILIS|1178
3739|ALIA|1178
3740|TABOAS|1178
3741|GABARRO|1178
3742|GATA|1177
3743|LIARTE|1177
3744|TORRANO|1177
3745|CRISAN|1177
3746|QUIÑONEZ|1176
3747|BUISAN|1175
3748|PIQUERO|1175
3749|LUZ|1175
3750|AGREDA|1175
3751|ECIJA|1175
3752|MORET|1175
3753|LOURO|1174
3754|ABALDE|1174
3755|LIRIA|1171
3756|VIDALES|1171
3757|BOTIA|1171
3758|ENTRENA|1171
3759|CAYON|1171
3760|DE ALMEIDA|1170
3761|MANZANEDO|1170
3762|COLLAZOS|1170
3763|BERRAL|1169
3764|CAPELLAN|1169
3765|VIÑUALES|1169
3766|JUANOLA|1168
3767|LORENZANA|1168
3768|BRAOJOS|1167
3769|AIZPURU|1166
3770|VELAYOS|1166
3771|LIZCANO|1165
3772|JACINTO|1165
3773|OCA|1165
3774|ARCA|1165
3775|GRILLO|1164
3776|PAULINO|1164
3777|NAVIA|1164
3778|SANGUESA|1164
3779|DIESTE|1164
3780|BENEDITO|1163
3781|SILLA|1163
3782|ORO|1162
3783|BARCA|1162
3784|CIURANA|1161
3785|DE MARCOS|1161
3786|MARINO|1161
3787|FERRIOL|1160
3788|SOLDEVILLA|1159
3789|AROSTEGUI|1158
3790|LANDETE|1158
3791|MICHELENA|1158
3792|CANDON|1158
3793|CAGIGAS|1158
3794|ALCONCHEL|1157
3795|CHARRO|1157
3796|IACOB|1157
3797|PERPIÑA|1156
3798|MON|1156
3799|FRADE|1155
3800|CARABIAS|1155
3801|VAAMONDE|1155
3802|ANGELOV|1155
3803|GUEROLA|1154
3804|CERCOS|1154
3805|COLMENAR|1154
3806|ALTES|1153
3807|GINE|1153
3808|RUBERT|1153
3809|NARRO|1152
3810|CAIZA|1151
3811|KADDOURI|1151
3812|ROBINSON|1151
3813|DIAKITE|1151
3814|GANUZA|1150
3815|ACEBAL|1150
3816|GAMO|1150
3817|CAMPELO|1150
3818|ARASA|1149
3819|BUIGUES|1149
3820|GALVAÑ|1149
3821|AISA|1149
3822|BACH|1149
3823|ROSES|1149
3824|WALKER|1149
3825|CAI|1149
3826|CASIMIRO|1148
3827|PADROS|1147
3828|RETAMERO|1146
3829|CABAL|1146
3830|RAEZ|1145
3831|ARRAEZ|1145
3832|TRAVE|1144
3833|RIVES|1144
3834|ESTELA|1144
3835|COPADO|1143
3836|BUADES|1143
3837|NOGUEROL|1142
3838|CALZON|1142
3839|NOLLA|1142
3840|MARCELO|1140
3841|LIMONES|1140
3842|MENGIBAR|1139
3843|LARRAURI|1139
3844|CERECEDA|1139
3845|BROCAL|1139
3846|BIBI|1139
3847|CALPE|1138
3848|VICIOSO|1137
3849|ASTIGARRAGA|1137
3850|BORRULL|1137
3851|SUBIRA|1137
3852|DOCE|1137
3853|AMER|1137
3854|CONDORI|1136
3855|DEL BARCO|1135
3856|EIRAS|1135
3857|VIRGILI|1135
3858|GARRIGUES|1135
3859|REVIRIEGO|1135
3860|SYLLA|1135
3861|DASI|1134
3862|TAUSTE|1133
3863|ILIEV|1133
3864|KIM|1133
3865|LECUONA|1132
3866|SENDIN|1132
3867|PUBILL|1131
3868|BARDAJI|1131
3869|NORTES|1131
3870|MONTES DE OCA|1131
3871|LINERO|1131
3872|BORDES|1131
3873|ALDAZ|1131
3874|VALENTI|1131
3875|GALLEN|1130
3876|GAREA|1130
3877|ANGOSTO|1130
3878|PARADELA|1129
3879|BEGINES|1129
3880|ALMONTE|1129
3881|ABELENDA|1128